analysis_identity,permutation_id,repeat,outer_fold,permutation_seed,n_train,n_test,permutation_n_strata,permutation_n_singleton_strata,permutation_singleton_row_fraction,permutation_changed_label_fraction,permutation_label_pearson,within_stratum_multiset_preserved
post_hoc_extension_float32_v4,1,1,1,1270644,1248,312,88,32,0.0256410256410256,0.907051282051282,0.2985367010724803,True
post_hoc_extension_float32_v4,1,1,2,1270745,1248,312,89,29,0.0232371794871794,0.9206730769230768,0.2877904978703799,True
post_hoc_extension_float32_v4,1,1,3,1270846,1248,312,87,31,0.0248397435897435,0.9110576923076924,0.3177236088739085,True
post_hoc_extension_float32_v4,1,1,4,1270947,1248,312,95,40,0.032051282051282,0.8974358974358975,0.3383813460357229,True
post_hoc_extension_float32_v4,1,1,5,1271048,1248,312,87,30,0.0240384615384615,0.9110576923076924,0.317685159099366,True
post_hoc_extension_float32_v4,1,2,1,1280653,1248,312,87,27,0.0216346153846153,0.9222756410256412,0.3302466521681925,True
post_hoc_extension_float32_v4,1,2,2,1280754,1248,312,93,36,0.0288461538461538,0.908653846153846,0.3130769841250908,True
post_hoc_extension_float32_v4,1,2,3,1280855,1248,312,87,31,0.0248397435897435,0.9166666666666666,0.3609219040681586,True
post_hoc_extension_float32_v4,1,2,4,1280956,1248,312,91,39,0.03125,0.8998397435897436,0.3037194155241693,True
post_hoc_extension_float32_v4,1,2,5,1281057,1248,312,89,36,0.0288461538461538,0.9182692307692308,0.304606040815262,True
post_hoc_extension_float32_v4,1,3,1,1290662,1248,312,90,32,0.0256410256410256,0.9166666666666666,0.3465227642696356,True
post_hoc_extension_float32_v4,1,3,2,1290763,1248,312,87,33,0.0264423076923076,0.9126602564102564,0.3203283235390701,True
post_hoc_extension_float32_v4,1,3,3,1290864,1248,312,90,36,0.0288461538461538,0.9150641025641024,0.2541212404945102,True
post_hoc_extension_float32_v4,1,3,4,1290965,1248,312,85,33,0.0264423076923076,0.90625,0.3659723782001278,True
post_hoc_extension_float32_v4,1,3,5,1291066,1248,312,92,36,0.0288461538461538,0.9190705128205128,0.3132545515452954,True
post_hoc_extension_float32_v4,1,4,1,1300671,1248,312,85,27,0.0216346153846153,0.9166666666666666,0.4033941653933742,True
post_hoc_extension_float32_v4,1,4,2,1300772,1248,312,93,33,0.0264423076923076,0.9166666666666666,0.2987009059793351,True
post_hoc_extension_float32_v4,1,4,3,1300873,1248,312,85,29,0.0232371794871794,0.9158653846153846,0.3374938745107114,True
post_hoc_extension_float32_v4,1,4,4,1300974,1248,312,89,33,0.0264423076923076,0.8998397435897436,0.3204230476052218,True
post_hoc_extension_float32_v4,1,4,5,1301075,1248,312,90,38,0.0304487179487179,0.9110576923076924,0.3094485611389916,True
post_hoc_extension_float32_v4,1,5,1,1310680,1248,312,94,38,0.0304487179487179,0.9174679487179488,0.3213802223115789,True
post_hoc_extension_float32_v4,1,5,2,1310781,1248,312,88,29,0.0232371794871794,0.9166666666666666,0.3499045016543255,True
post_hoc_extension_float32_v4,1,5,3,1310882,1248,312,90,31,0.0248397435897435,0.9174679487179488,0.2886668191439967,True
post_hoc_extension_float32_v4,1,5,4,1310983,1248,312,85,34,0.0272435897435897,0.9094551282051282,0.3220577060335307,True
post_hoc_extension_float32_v4,1,5,5,1311084,1248,312,90,38,0.0304487179487179,0.9142628205128204,0.3313956037749508,True
post_hoc_extension_float32_v4,2,1,1,2270647,1248,312,88,32,0.0256410256410256,0.9166666666666666,0.3353752614063541,True
post_hoc_extension_float32_v4,2,1,2,2270748,1248,312,89,29,0.0232371794871794,0.905448717948718,0.33114315774951,True
post_hoc_extension_float32_v4,2,1,3,2270849,1248,312,87,31,0.0248397435897435,0.9182692307692308,0.3817883708899027,True
post_hoc_extension_float32_v4,2,1,4,2270950,1248,312,95,40,0.032051282051282,0.9102564102564102,0.322074622139383,True
post_hoc_extension_float32_v4,2,1,5,2271051,1248,312,87,30,0.0240384615384615,0.9102564102564102,0.2909244076736604,True
post_hoc_extension_float32_v4,2,2,1,2280656,1248,312,87,27,0.0216346153846153,0.9158653846153846,0.3621403302683125,True
post_hoc_extension_float32_v4,2,2,2,2280757,1248,312,93,36,0.0288461538461538,0.8934294871794872,0.3709457240911732,True
post_hoc_extension_float32_v4,2,2,3,2280858,1248,312,87,31,0.0248397435897435,0.8998397435897436,0.3575082032047357,True
post_hoc_extension_float32_v4,2,2,4,2280959,1248,312,91,39,0.03125,0.90625,0.3285620970105241,True
post_hoc_extension_float32_v4,2,2,5,2281060,1248,312,89,36,0.0288461538461538,0.8974358974358975,0.2967294243976662,True
post_hoc_extension_float32_v4,2,3,1,2290665,1248,312,90,32,0.0256410256410256,0.90625,0.3605774687465268,True
post_hoc_extension_float32_v4,2,3,2,2290766,1248,312,87,33,0.0264423076923076,0.9230769230769232,0.3339599492540226,True
post_hoc_extension_float32_v4,2,3,3,2290867,1248,312,90,36,0.0288461538461538,0.904647435897436,0.3163789082197852,True
post_hoc_extension_float32_v4,2,3,4,2290968,1248,312,85,33,0.0264423076923076,0.9198717948717948,0.3050888744221392,True
post_hoc_extension_float32_v4,2,3,5,2291069,1248,312,92,36,0.0288461538461538,0.905448717948718,0.3276254617841352,True
post_hoc_extension_float32_v4,2,4,1,2300674,1248,312,85,27,0.0216346153846153,0.9118589743589745,0.3502027424567402,True
post_hoc_extension_float32_v4,2,4,2,2300775,1248,312,93,33,0.0264423076923076,0.8982371794871795,0.3316172007764199,True
post_hoc_extension_float32_v4,2,4,3,2300876,1248,312,85,29,0.0232371794871794,0.9174679487179488,0.3605112659154754,True
post_hoc_extension_float32_v4,2,4,4,2300977,1248,312,89,33,0.0264423076923076,0.9182692307692308,0.2784628582120129,True
post_hoc_extension_float32_v4,2,4,5,2301078,1248,312,90,38,0.0304487179487179,0.9166666666666666,0.2868929518608299,True
post_hoc_extension_float32_v4,2,5,1,2310683,1248,312,94,38,0.0304487179487179,0.9014423076923076,0.3194071739555886,True
post_hoc_extension_float32_v4,2,5,2,2310784,1248,312,88,29,0.0232371794871794,0.9182692307692308,0.3306021744831187,True
post_hoc_extension_float32_v4,2,5,3,2310885,1248,312,90,31,0.0248397435897435,0.9198717948717948,0.3115471698123663,True
post_hoc_extension_float32_v4,2,5,4,2310986,1248,312,85,34,0.0272435897435897,0.9126602564102564,0.3054640511240044,True
post_hoc_extension_float32_v4,2,5,5,2311087,1248,312,90,38,0.0304487179487179,0.907051282051282,0.3652263061590163,True
post_hoc_extension_float32_v4,3,1,1,3270650,1248,312,88,32,0.0256410256410256,0.9190705128205128,0.3092623448699119,True
post_hoc_extension_float32_v4,3,1,2,3270751,1248,312,89,29,0.0232371794871794,0.9022435897435898,0.2713699197278247,True
post_hoc_extension_float32_v4,3,1,3,3270852,1248,312,87,31,0.0248397435897435,0.9174679487179488,0.3308117630304635,True
post_hoc_extension_float32_v4,3,1,4,3270953,1248,312,95,40,0.032051282051282,0.90625,0.3289944333165776,True
post_hoc_extension_float32_v4,3,1,5,3271054,1248,312,87,30,0.0240384615384615,0.904647435897436,0.2995835901547444,True
post_hoc_extension_float32_v4,3,2,1,3280659,1248,312,87,27,0.0216346153846153,0.9214743589743588,0.3188669380509119,True
post_hoc_extension_float32_v4,3,2,2,3280760,1248,312,93,36,0.0288461538461538,0.9094551282051282,0.3158206888542179,True
post_hoc_extension_float32_v4,3,2,3,3280861,1248,312,87,31,0.0248397435897435,0.907051282051282,0.4133395358232153,True
post_hoc_extension_float32_v4,3,2,4,3280962,1248,312,91,39,0.03125,0.9166666666666666,0.3317088965486683,True
post_hoc_extension_float32_v4,3,2,5,3281063,1248,312,89,36,0.0288461538461538,0.9134615384615384,0.3143477486860739,True
post_hoc_extension_float32_v4,3,3,1,3290668,1248,312,90,32,0.0256410256410256,0.8966346153846154,0.3403879352471344,True
post_hoc_extension_float32_v4,3,3,2,3290769,1248,312,87,33,0.0264423076923076,0.907051282051282,0.3304433861794444,True
post_hoc_extension_float32_v4,3,3,3,3290870,1248,312,90,36,0.0288461538461538,0.8990384615384616,0.3311208430616487,True
post_hoc_extension_float32_v4,3,3,4,3290971,1248,312,85,33,0.0264423076923076,0.9134615384615384,0.3637683239207496,True
post_hoc_extension_float32_v4,3,3,5,3291072,1248,312,92,36,0.0288461538461538,0.9102564102564102,0.3719761961042316,True
post_hoc_extension_float32_v4,3,4,1,3300677,1248,312,85,27,0.0216346153846153,0.9094551282051282,0.3825601088283599,True
post_hoc_extension_float32_v4,3,4,2,3300778,1248,312,93,33,0.0264423076923076,0.9142628205128204,0.3136242929148199,True
post_hoc_extension_float32_v4,3,4,3,3300879,1248,312,85,29,0.0232371794871794,0.9190705128205128,0.3438609375620871,True
post_hoc_extension_float32_v4,3,4,4,3300980,1248,312,89,33,0.0264423076923076,0.90625,0.2956946471797791,True
post_hoc_extension_float32_v4,3,4,5,3301081,1248,312,90,38,0.0304487179487179,0.9126602564102564,0.3669097839843794,True
post_hoc_extension_float32_v4,3,5,1,3310686,1248,312,94,38,0.0304487179487179,0.903846153846154,0.3276082931720941,True
post_hoc_extension_float32_v4,3,5,2,3310787,1248,312,88,29,0.0232371794871794,0.9198717948717948,0.3515042478315574,True
post_hoc_extension_float32_v4,3,5,3,3310888,1248,312,90,31,0.0248397435897435,0.9158653846153846,0.3262514423140714,True
post_hoc_extension_float32_v4,3,5,4,3310989,1248,312,85,34,0.0272435897435897,0.905448717948718,0.3115326364447991,True
post_hoc_extension_float32_v4,3,5,5,3311090,1248,312,90,38,0.0304487179487179,0.9206730769230768,0.3407339983810772,True
post_hoc_extension_float32_v4,4,1,1,4270653,1248,312,88,32,0.0256410256410256,0.9246794871794872,0.295057506719584,True
post_hoc_extension_float32_v4,4,1,2,4270754,1248,312,89,29,0.0232371794871794,0.9182692307692308,0.3169545058266558,True
post_hoc_extension_float32_v4,4,1,3,4270855,1248,312,87,31,0.0248397435897435,0.9134615384615384,0.3414250857620515,True
post_hoc_extension_float32_v4,4,1,4,4270956,1248,312,95,40,0.032051282051282,0.904647435897436,0.3505807397768476,True
post_hoc_extension_float32_v4,4,1,5,4271057,1248,312,87,30,0.0240384615384615,0.907051282051282,0.3150662853820211,True
post_hoc_extension_float32_v4,4,2,1,4280662,1248,312,87,27,0.0216346153846153,0.9126602564102564,0.3560641738993541,True
post_hoc_extension_float32_v4,4,2,2,4280763,1248,312,93,36,0.0288461538461538,0.8982371794871795,0.3751760080842328,True
post_hoc_extension_float32_v4,4,2,3,4280864,1248,312,87,31,0.0248397435897435,0.9174679487179488,0.3801004582039128,True
post_hoc_extension_float32_v4,4,2,4,4280965,1248,312,91,39,0.03125,0.8990384615384616,0.401265984315938,True
post_hoc_extension_float32_v4,4,2,5,4281066,1248,312,89,36,0.0288461538461538,0.9150641025641024,0.2873639280296988,True
post_hoc_extension_float32_v4,4,3,1,4290671,1248,312,90,32,0.0256410256410256,0.9094551282051282,0.3310412429909222,True
post_hoc_extension_float32_v4,4,3,2,4290772,1248,312,87,33,0.0264423076923076,0.9134615384615384,0.3318562639365778,True
post_hoc_extension_float32_v4,4,3,3,4290873,1248,312,90,36,0.0288461538461538,0.9206730769230768,0.2622868508246708,True
post_hoc_extension_float32_v4,4,3,4,4290974,1248,312,85,33,0.0264423076923076,0.9190705128205128,0.3132940507823018,True
post_hoc_extension_float32_v4,4,3,5,4291075,1248,312,92,36,0.0288461538461538,0.9126602564102564,0.3284388329401209,True
post_hoc_extension_float32_v4,4,4,1,4300680,1248,312,85,27,0.0216346153846153,0.9198717948717948,0.3736921460485033,True
post_hoc_extension_float32_v4,4,4,2,4300781,1248,312,93,33,0.0264423076923076,0.9134615384615384,0.273140242883182,True
post_hoc_extension_float32_v4,4,4,3,4300882,1248,312,85,29,0.0232371794871794,0.9230769230769232,0.3392263676854657,True
post_hoc_extension_float32_v4,4,4,4,4300983,1248,312,89,33,0.0264423076923076,0.9102564102564102,0.2933899377855843,True
post_hoc_extension_float32_v4,4,4,5,4301084,1248,312,90,38,0.0304487179487179,0.9150641025641024,0.2948106791117921,True
post_hoc_extension_float32_v4,4,5,1,4310689,1248,312,94,38,0.0304487179487179,0.905448717948718,0.3227519274895462,True
post_hoc_extension_float32_v4,4,5,2,4310790,1248,312,88,29,0.0232371794871794,0.9126602564102564,0.3519805242857362,True
post_hoc_extension_float32_v4,4,5,3,4310891,1248,312,90,31,0.0248397435897435,0.9190705128205128,0.3274477685603402,True
post_hoc_extension_float32_v4,4,5,4,4310992,1248,312,85,34,0.0272435897435897,0.9190705128205128,0.3023043444881759,True
post_hoc_extension_float32_v4,4,5,5,4311093,1248,312,90,38,0.0304487179487179,0.9014423076923076,0.3379934814007153,True
post_hoc_extension_float32_v4,5,1,1,5270656,1248,312,88,32,0.0256410256410256,0.9094551282051282,0.31503703704846,True
post_hoc_extension_float32_v4,5,1,2,5270757,1248,312,89,29,0.0232371794871794,0.9182692307692308,0.3209371540156948,True
post_hoc_extension_float32_v4,5,1,3,5270858,1248,312,87,31,0.0248397435897435,0.907051282051282,0.3244397828184256,True
post_hoc_extension_float32_v4,5,1,4,5270959,1248,312,95,40,0.032051282051282,0.905448717948718,0.3124174847622361,True
post_hoc_extension_float32_v4,5,1,5,5271060,1248,312,87,30,0.0240384615384615,0.9126602564102564,0.2926609806698561,True
post_hoc_extension_float32_v4,5,2,1,5280665,1248,312,87,27,0.0216346153846153,0.9254807692307692,0.2959937674865156,True
post_hoc_extension_float32_v4,5,2,2,5280766,1248,312,93,36,0.0288461538461538,0.9022435897435898,0.3104940052777662,True
post_hoc_extension_float32_v4,5,2,3,5280867,1248,312,87,31,0.0248397435897435,0.9134615384615384,0.359774372191436,True
post_hoc_extension_float32_v4,5,2,4,5280968,1248,312,91,39,0.03125,0.905448717948718,0.3313565125679757,True
post_hoc_extension_float32_v4,5,2,5,5281069,1248,312,89,36,0.0288461538461538,0.9222756410256412,0.3084790312016667,True
post_hoc_extension_float32_v4,5,3,1,5290674,1248,312,90,32,0.0256410256410256,0.9166666666666666,0.3875934043172558,True
post_hoc_extension_float32_v4,5,3,2,5290775,1248,312,87,33,0.0264423076923076,0.904647435897436,0.2775892085903865,True
post_hoc_extension_float32_v4,5,3,3,5290876,1248,312,90,36,0.0288461538461538,0.9110576923076924,0.3200361626421139,True
post_hoc_extension_float32_v4,5,3,4,5290977,1248,312,85,33,0.0264423076923076,0.9190705128205128,0.3069997230309611,True
post_hoc_extension_float32_v4,5,3,5,5291078,1248,312,92,36,0.0288461538461538,0.9118589743589745,0.3497565605053014,True
post_hoc_extension_float32_v4,5,4,1,5300683,1248,312,85,27,0.0216346153846153,0.903846153846154,0.3855857108858533,True
post_hoc_extension_float32_v4,5,4,2,5300784,1248,312,93,33,0.0264423076923076,0.8958333333333334,0.3390355985433135,True
post_hoc_extension_float32_v4,5,4,3,5300885,1248,312,85,29,0.0232371794871794,0.90625,0.3698451481645358,True
post_hoc_extension_float32_v4,5,4,4,5300986,1248,312,89,33,0.0264423076923076,0.907852564102564,0.2930023709696665,True
post_hoc_extension_float32_v4,5,4,5,5301087,1248,312,90,38,0.0304487179487179,0.9190705128205128,0.3157481874667548,True
post_hoc_extension_float32_v4,5,5,1,5310692,1248,312,94,38,0.0304487179487179,0.9022435897435898,0.3111330919836199,True
post_hoc_extension_float32_v4,5,5,2,5310793,1248,312,88,29,0.0232371794871794,0.9030448717948718,0.382299029518229,True
post_hoc_extension_float32_v4,5,5,3,5310894,1248,312,90,31,0.0248397435897435,0.9230769230769232,0.2875216056812064,True
post_hoc_extension_float32_v4,5,5,4,5310995,1248,312,85,34,0.0272435897435897,0.9158653846153846,0.3345300862114923,True
post_hoc_extension_float32_v4,5,5,5,5311096,1248,312,90,38,0.0304487179487179,0.9142628205128204,0.3226895804903071,True
post_hoc_extension_float32_v4,6,1,1,6270659,1248,312,88,32,0.0256410256410256,0.908653846153846,0.289132306671249,True
post_hoc_extension_float32_v4,6,1,2,6270760,1248,312,89,29,0.0232371794871794,0.9166666666666666,0.3278554350437689,True
post_hoc_extension_float32_v4,6,1,3,6270861,1248,312,87,31,0.0248397435897435,0.9118589743589745,0.348575313765783,True
post_hoc_extension_float32_v4,6,1,4,6270962,1248,312,95,40,0.032051282051282,0.9118589743589745,0.3110718359898431,True
post_hoc_extension_float32_v4,6,1,5,6271063,1248,312,87,30,0.0240384615384615,0.9238782051282052,0.2885313099794341,True
post_hoc_extension_float32_v4,6,2,1,6280668,1248,312,87,27,0.0216346153846153,0.9254807692307692,0.3352068490770457,True
post_hoc_extension_float32_v4,6,2,2,6280769,1248,312,93,36,0.0288461538461538,0.9110576923076924,0.2780485582881543,True
post_hoc_extension_float32_v4,6,2,3,6280870,1248,312,87,31,0.0248397435897435,0.9102564102564102,0.3570623550292826,True
post_hoc_extension_float32_v4,6,2,4,6280971,1248,312,91,39,0.03125,0.9126602564102564,0.3417921006824423,True
post_hoc_extension_float32_v4,6,2,5,6281072,1248,312,89,36,0.0288461538461538,0.9142628205128204,0.2663067854016822,True
post_hoc_extension_float32_v4,6,3,1,6290677,1248,312,90,32,0.0256410256410256,0.9006410256410257,0.3618441860582382,True
post_hoc_extension_float32_v4,6,3,2,6290778,1248,312,87,33,0.0264423076923076,0.9198717948717948,0.3424241572145419,True
post_hoc_extension_float32_v4,6,3,3,6290879,1248,312,90,36,0.0288461538461538,0.9158653846153846,0.3230659854377015,True
post_hoc_extension_float32_v4,6,3,4,6290980,1248,312,85,33,0.0264423076923076,0.9230769230769232,0.3204474164883865,True
post_hoc_extension_float32_v4,6,3,5,6291081,1248,312,92,36,0.0288461538461538,0.8990384615384616,0.3898776011936522,True
post_hoc_extension_float32_v4,6,4,1,6300686,1248,312,85,27,0.0216346153846153,0.9094551282051282,0.3651046341339272,True
post_hoc_extension_float32_v4,6,4,2,6300787,1248,312,93,33,0.0264423076923076,0.9110576923076924,0.2693848752905144,True
post_hoc_extension_float32_v4,6,4,3,6300888,1248,312,85,29,0.0232371794871794,0.9118589743589745,0.3841746251135582,True
post_hoc_extension_float32_v4,6,4,4,6300989,1248,312,89,33,0.0264423076923076,0.9094551282051282,0.3075565285492464,True
post_hoc_extension_float32_v4,6,4,5,6301090,1248,312,90,38,0.0304487179487179,0.9134615384615384,0.3179838657888764,True
post_hoc_extension_float32_v4,6,5,1,6310695,1248,312,94,38,0.0304487179487179,0.90625,0.3329472408100739,True
post_hoc_extension_float32_v4,6,5,2,6310796,1248,312,88,29,0.0232371794871794,0.9102564102564102,0.3159265123210944,True
post_hoc_extension_float32_v4,6,5,3,6310897,1248,312,90,31,0.0248397435897435,0.9150641025641024,0.3428167261946473,True
post_hoc_extension_float32_v4,6,5,4,6310998,1248,312,85,34,0.0272435897435897,0.9094551282051282,0.2759324558832289,True
post_hoc_extension_float32_v4,6,5,5,6311099,1248,312,90,38,0.0304487179487179,0.9158653846153846,0.3503912134381226,True
post_hoc_extension_float32_v4,7,1,1,7270662,1248,312,88,32,0.0256410256410256,0.9182692307692308,0.3382844863673274,True
post_hoc_extension_float32_v4,7,1,2,7270763,1248,312,89,29,0.0232371794871794,0.9102564102564102,0.3185991814869272,True
post_hoc_extension_float32_v4,7,1,3,7270864,1248,312,87,31,0.0248397435897435,0.907852564102564,0.3715170349035771,True
post_hoc_extension_float32_v4,7,1,4,7270965,1248,312,95,40,0.032051282051282,0.907051282051282,0.3637617818002617,True
post_hoc_extension_float32_v4,7,1,5,7271066,1248,312,87,30,0.0240384615384615,0.9150641025641024,0.3171890801971599,True
post_hoc_extension_float32_v4,7,2,1,7280671,1248,312,87,27,0.0216346153846153,0.9238782051282052,0.3247011188575233,True
post_hoc_extension_float32_v4,7,2,2,7280772,1248,312,93,36,0.0288461538461538,0.9118589743589745,0.3330539458737647,True
post_hoc_extension_float32_v4,7,2,3,7280873,1248,312,87,31,0.0248397435897435,0.9190705128205128,0.3197044376677426,True
post_hoc_extension_float32_v4,7,2,4,7280974,1248,312,91,39,0.03125,0.903846153846154,0.3620955115748681,True
post_hoc_extension_float32_v4,7,2,5,7281075,1248,312,89,36,0.0288461538461538,0.9158653846153846,0.3296235439370261,True
post_hoc_extension_float32_v4,7,3,1,7290680,1248,312,90,32,0.0256410256410256,0.9126602564102564,0.3860159115797571,True
post_hoc_extension_float32_v4,7,3,2,7290781,1248,312,87,33,0.0264423076923076,0.9094551282051282,0.2813334688319155,True
post_hoc_extension_float32_v4,7,3,3,7290882,1248,312,90,36,0.0288461538461538,0.9166666666666666,0.3260959561166606,True
post_hoc_extension_float32_v4,7,3,4,7290983,1248,312,85,33,0.0264423076923076,0.9190705128205128,0.2990185780105159,True
post_hoc_extension_float32_v4,7,3,5,7291084,1248,312,92,36,0.0288461538461538,0.9118589743589745,0.3817893775102657,True
post_hoc_extension_float32_v4,7,4,1,7300689,1248,312,85,27,0.0216346153846153,0.9150641025641024,0.345727460789493,True
post_hoc_extension_float32_v4,7,4,2,7300790,1248,312,93,33,0.0264423076923076,0.9142628205128204,0.2734701855889087,True
post_hoc_extension_float32_v4,7,4,3,7300891,1248,312,85,29,0.0232371794871794,0.9206730769230768,0.3626405954170243,True
post_hoc_extension_float32_v4,7,4,4,7300992,1248,312,89,33,0.0264423076923076,0.9110576923076924,0.3105626726943583,True
post_hoc_extension_float32_v4,7,4,5,7301093,1248,312,90,38,0.0304487179487179,0.9174679487179488,0.2887968159428861,True
post_hoc_extension_float32_v4,7,5,1,7310698,1248,312,94,38,0.0304487179487179,0.8966346153846154,0.341262039991021,True
post_hoc_extension_float32_v4,7,5,2,7310799,1248,312,88,29,0.0232371794871794,0.9174679487179488,0.3051015569797148,True
post_hoc_extension_float32_v4,7,5,3,7310900,1248,312,90,31,0.0248397435897435,0.90625,0.2795300973997222,True
post_hoc_extension_float32_v4,7,5,4,7311001,1248,312,85,34,0.0272435897435897,0.9190705128205128,0.3149237384207137,True
post_hoc_extension_float32_v4,7,5,5,7311102,1248,312,90,38,0.0304487179487179,0.9126602564102564,0.3534858137309408,True
post_hoc_extension_float32_v4,8,1,1,8270665,1248,312,88,32,0.0256410256410256,0.905448717948718,0.2964921028013526,True
post_hoc_extension_float32_v4,8,1,2,8270766,1248,312,89,29,0.0232371794871794,0.9150641025641024,0.2814502543859506,True
post_hoc_extension_float32_v4,8,1,3,8270867,1248,312,87,31,0.0248397435897435,0.9198717948717948,0.3344544406104753,True
post_hoc_extension_float32_v4,8,1,4,8270968,1248,312,95,40,0.032051282051282,0.8974358974358975,0.343396628730964,True
post_hoc_extension_float32_v4,8,1,5,8271069,1248,312,87,30,0.0240384615384615,0.9030448717948718,0.3154572986556337,True
post_hoc_extension_float32_v4,8,2,1,8280674,1248,312,87,27,0.0216346153846153,0.9142628205128204,0.3447501432318123,True
post_hoc_extension_float32_v4,8,2,2,8280775,1248,312,93,36,0.0288461538461538,0.904647435897436,0.3288414086878084,True
post_hoc_extension_float32_v4,8,2,3,8280876,1248,312,87,31,0.0248397435897435,0.908653846153846,0.3545771133270223,True
post_hoc_extension_float32_v4,8,2,4,8280977,1248,312,91,39,0.03125,0.907852564102564,0.3189727350078263,True
post_hoc_extension_float32_v4,8,2,5,8281078,1248,312,89,36,0.0288461538461538,0.9014423076923076,0.2435608841975388,True
post_hoc_extension_float32_v4,8,3,1,8290683,1248,312,90,32,0.0256410256410256,0.8998397435897436,0.3648004966557465,True
post_hoc_extension_float32_v4,8,3,2,8290784,1248,312,87,33,0.0264423076923076,0.9158653846153846,0.321539317660791,True
post_hoc_extension_float32_v4,8,3,3,8290885,1248,312,90,36,0.0288461538461538,0.9030448717948718,0.3328607722196509,True
post_hoc_extension_float32_v4,8,3,4,8290986,1248,312,85,33,0.0264423076923076,0.9222756410256412,0.3444747777661877,True
post_hoc_extension_float32_v4,8,3,5,8291087,1248,312,92,36,0.0288461538461538,0.90625,0.3500893655216093,True
post_hoc_extension_float32_v4,8,4,1,8300692,1248,312,85,27,0.0216346153846153,0.9006410256410257,0.3641347810464085,True
post_hoc_extension_float32_v4,8,4,2,8300793,1248,312,93,33,0.0264423076923076,0.904647435897436,0.3002724300326789,True
post_hoc_extension_float32_v4,8,4,3,8300894,1248,312,85,29,0.0232371794871794,0.9110576923076924,0.3416909986599883,True
post_hoc_extension_float32_v4,8,4,4,8300995,1248,312,89,33,0.0264423076923076,0.9110576923076924,0.3398857000324999,True
post_hoc_extension_float32_v4,8,4,5,8301096,1248,312,90,38,0.0304487179487179,0.9206730769230768,0.3424643628289187,True
post_hoc_extension_float32_v4,8,5,1,8310701,1248,312,94,38,0.0304487179487179,0.9030448717948718,0.3303401064777271,True
post_hoc_extension_float32_v4,8,5,2,8310802,1248,312,88,29,0.0232371794871794,0.9030448717948718,0.3614586783420098,True
post_hoc_extension_float32_v4,8,5,3,8310903,1248,312,90,31,0.0248397435897435,0.9174679487179488,0.3090077057304017,True
post_hoc_extension_float32_v4,8,5,4,8311004,1248,312,85,34,0.0272435897435897,0.9102564102564102,0.3504175402694263,True
post_hoc_extension_float32_v4,8,5,5,8311105,1248,312,90,38,0.0304487179487179,0.908653846153846,0.3402487145698102,True
post_hoc_extension_float32_v4,9,1,1,9270668,1248,312,88,32,0.0256410256410256,0.908653846153846,0.3275943700880184,True
post_hoc_extension_float32_v4,9,1,2,9270769,1248,312,89,29,0.0232371794871794,0.9174679487179488,0.3448146241371888,True
post_hoc_extension_float32_v4,9,1,3,9270870,1248,312,87,31,0.0248397435897435,0.9094551282051282,0.3657465655605906,True
post_hoc_extension_float32_v4,9,1,4,9270971,1248,312,95,40,0.032051282051282,0.9150641025641024,0.3688801006823586,True
post_hoc_extension_float32_v4,9,1,5,9271072,1248,312,87,30,0.0240384615384615,0.9094551282051282,0.302388346559712,True
post_hoc_extension_float32_v4,9,2,1,9280677,1248,312,87,27,0.0216346153846153,0.9262820512820512,0.3616569126372193,True
post_hoc_extension_float32_v4,9,2,2,9280778,1248,312,93,36,0.0288461538461538,0.90625,0.3241517816935544,True
post_hoc_extension_float32_v4,9,2,3,9280879,1248,312,87,31,0.0248397435897435,0.9142628205128204,0.344648704901915,True
post_hoc_extension_float32_v4,9,2,4,9280980,1248,312,91,39,0.03125,0.9134615384615384,0.3260326721631188,True
post_hoc_extension_float32_v4,9,2,5,9281081,1248,312,89,36,0.0288461538461538,0.9102564102564102,0.3100211868827229,True
post_hoc_extension_float32_v4,9,3,1,9290686,1248,312,90,32,0.0256410256410256,0.9142628205128204,0.2956556743356204,True
post_hoc_extension_float32_v4,9,3,2,9290787,1248,312,87,33,0.0264423076923076,0.9014423076923076,0.3347959941356612,True
post_hoc_extension_float32_v4,9,3,3,9290888,1248,312,90,36,0.0288461538461538,0.9126602564102564,0.2504836952434923,True
post_hoc_extension_float32_v4,9,3,4,9290989,1248,312,85,33,0.0264423076923076,0.9198717948717948,0.3242785468491981,True
post_hoc_extension_float32_v4,9,3,5,9291090,1248,312,92,36,0.0288461538461538,0.9182692307692308,0.3829885214279693,True
post_hoc_extension_float32_v4,9,4,1,9300695,1248,312,85,27,0.0216346153846153,0.9118589743589745,0.3734361649938085,True
post_hoc_extension_float32_v4,9,4,2,9300796,1248,312,93,33,0.0264423076923076,0.907852564102564,0.2729169456352015,True
post_hoc_extension_float32_v4,9,4,3,9300897,1248,312,85,29,0.0232371794871794,0.9134615384615384,0.3036723546650925,True
post_hoc_extension_float32_v4,9,4,4,9300998,1248,312,89,33,0.0264423076923076,0.905448717948718,0.3123734806348044,True
post_hoc_extension_float32_v4,9,4,5,9301099,1248,312,90,38,0.0304487179487179,0.9174679487179488,0.3114754580725009,True
post_hoc_extension_float32_v4,9,5,1,9310704,1248,312,94,38,0.0304487179487179,0.907852564102564,0.2978026974982038,True
post_hoc_extension_float32_v4,9,5,2,9310805,1248,312,88,29,0.0232371794871794,0.9142628205128204,0.34512406837235,True
post_hoc_extension_float32_v4,9,5,3,9310906,1248,312,90,31,0.0248397435897435,0.9134615384615384,0.3664756050566337,True
post_hoc_extension_float32_v4,9,5,4,9311007,1248,312,85,34,0.0272435897435897,0.9254807692307692,0.3072352915713745,True
post_hoc_extension_float32_v4,9,5,5,9311108,1248,312,90,38,0.0304487179487179,0.9030448717948718,0.3382243046427103,True
post_hoc_extension_float32_v4,10,1,1,10270671,1248,312,88,32,0.0256410256410256,0.9158653846153846,0.2824199317896918,True
post_hoc_extension_float32_v4,10,1,2,10270772,1248,312,89,29,0.0232371794871794,0.9198717948717948,0.3046697597802871,True
post_hoc_extension_float32_v4,10,1,3,10270873,1248,312,87,31,0.0248397435897435,0.9198717948717948,0.321721647607004,True
post_hoc_extension_float32_v4,10,1,4,10270974,1248,312,95,40,0.032051282051282,0.9158653846153846,0.3796937989917357,True
post_hoc_extension_float32_v4,10,1,5,10271075,1248,312,87,30,0.0240384615384615,0.9030448717948718,0.3088164486073417,True
post_hoc_extension_float32_v4,10,2,1,10280680,1248,312,87,27,0.0216346153846153,0.9182692307692308,0.3148423996968233,True
post_hoc_extension_float32_v4,10,2,2,10280781,1248,312,93,36,0.0288461538461538,0.8910256410256411,0.3407533197797934,True
post_hoc_extension_float32_v4,10,2,3,10280882,1248,312,87,31,0.0248397435897435,0.9206730769230768,0.3598122245573177,True
post_hoc_extension_float32_v4,10,2,4,10280983,1248,312,91,39,0.03125,0.907852564102564,0.3006245699562124,True
post_hoc_extension_float32_v4,10,2,5,10281084,1248,312,89,36,0.0288461538461538,0.9198717948717948,0.272029528506256,True
post_hoc_extension_float32_v4,10,3,1,10290689,1248,312,90,32,0.0256410256410256,0.9166666666666666,0.3675178851523606,True
post_hoc_extension_float32_v4,10,3,2,10290790,1248,312,87,33,0.0264423076923076,0.9150641025641024,0.2931205049097165,True
post_hoc_extension_float32_v4,10,3,3,10290891,1248,312,90,36,0.0288461538461538,0.9214743589743588,0.234341039877616,True
post_hoc_extension_float32_v4,10,3,4,10290992,1248,312,85,33,0.0264423076923076,0.9110576923076924,0.3124950644452395,True
post_hoc_extension_float32_v4,10,3,5,10291093,1248,312,92,36,0.0288461538461538,0.9142628205128204,0.3303088527168042,True
post_hoc_extension_float32_v4,10,4,1,10300698,1248,312,85,27,0.0216346153846153,0.8942307692307693,0.3747906960220168,True
post_hoc_extension_float32_v4,10,4,2,10300799,1248,312,93,33,0.0264423076923076,0.9158653846153846,0.2561462887422492,True
post_hoc_extension_float32_v4,10,4,3,10300900,1248,312,85,29,0.0232371794871794,0.9174679487179488,0.3676543348459391,True
post_hoc_extension_float32_v4,10,4,4,10301001,1248,312,89,33,0.0264423076923076,0.9198717948717948,0.2593760990962708,True
post_hoc_extension_float32_v4,10,4,5,10301102,1248,312,90,38,0.0304487179487179,0.904647435897436,0.3360668988905569,True
post_hoc_extension_float32_v4,10,5,1,10310707,1248,312,94,38,0.0304487179487179,0.9030448717948718,0.3603777000270786,True
post_hoc_extension_float32_v4,10,5,2,10310808,1248,312,88,29,0.0232371794871794,0.9174679487179488,0.3245513772247409,True
post_hoc_extension_float32_v4,10,5,3,10310909,1248,312,90,31,0.0248397435897435,0.9182692307692308,0.3381165526463727,True
post_hoc_extension_float32_v4,10,5,4,10311010,1248,312,85,34,0.0272435897435897,0.9134615384615384,0.2992254923737234,True
post_hoc_extension_float32_v4,10,5,5,10311111,1248,312,90,38,0.0304487179487179,0.907051282051282,0.2922756597645735,True
post_hoc_extension_float32_v4,11,1,1,11270674,1248,312,88,32,0.0256410256410256,0.8998397435897436,0.3097412294636195,True
post_hoc_extension_float32_v4,11,1,2,11270775,1248,312,89,29,0.0232371794871794,0.9254807692307692,0.3288107884966463,True
post_hoc_extension_float32_v4,11,1,3,11270876,1248,312,87,31,0.0248397435897435,0.9126602564102564,0.380893087634322,True
post_hoc_extension_float32_v4,11,1,4,11270977,1248,312,95,40,0.032051282051282,0.90625,0.3078690999306074,True
post_hoc_extension_float32_v4,11,1,5,11271078,1248,312,87,30,0.0240384615384615,0.9238782051282052,0.3529454330761395,True
post_hoc_extension_float32_v4,11,2,1,11280683,1248,312,87,27,0.0216346153846153,0.9206730769230768,0.3806089891071337,True
post_hoc_extension_float32_v4,11,2,2,11280784,1248,312,93,36,0.0288461538461538,0.9158653846153846,0.3179534657228181,True
post_hoc_extension_float32_v4,11,2,3,11280885,1248,312,87,31,0.0248397435897435,0.9094551282051282,0.3883018754252115,True
post_hoc_extension_float32_v4,11,2,4,11280986,1248,312,91,39,0.03125,0.9126602564102564,0.3222459237630569,True
post_hoc_extension_float32_v4,11,2,5,11281087,1248,312,89,36,0.0288461538461538,0.904647435897436,0.3084351820252216,True
post_hoc_extension_float32_v4,11,3,1,11290692,1248,312,90,32,0.0256410256410256,0.9142628205128204,0.2638717149189977,True
post_hoc_extension_float32_v4,11,3,2,11290793,1248,312,87,33,0.0264423076923076,0.8910256410256411,0.3150435866653635,True
post_hoc_extension_float32_v4,11,3,3,11290894,1248,312,90,36,0.0288461538461538,0.9190705128205128,0.2357212734188142,True
post_hoc_extension_float32_v4,11,3,4,11290995,1248,312,85,33,0.0264423076923076,0.9166666666666666,0.2928000146262347,True
post_hoc_extension_float32_v4,11,3,5,11291096,1248,312,92,36,0.0288461538461538,0.9222756410256412,0.3445244309228336,True
post_hoc_extension_float32_v4,11,4,1,11300701,1248,312,85,27,0.0216346153846153,0.9174679487179488,0.3306999775306704,True
post_hoc_extension_float32_v4,11,4,2,11300802,1248,312,93,33,0.0264423076923076,0.9134615384615384,0.3229997252398823,True
post_hoc_extension_float32_v4,11,4,3,11300903,1248,312,85,29,0.0232371794871794,0.9198717948717948,0.3326926763931954,True
post_hoc_extension_float32_v4,11,4,4,11301004,1248,312,89,33,0.0264423076923076,0.9190705128205128,0.2606989305092362,True
post_hoc_extension_float32_v4,11,4,5,11301105,1248,312,90,38,0.0304487179487179,0.9214743589743588,0.3031335368200394,True
post_hoc_extension_float32_v4,11,5,1,11310710,1248,312,94,38,0.0304487179487179,0.8974358974358975,0.3267394769864527,True
post_hoc_extension_float32_v4,11,5,2,11310811,1248,312,88,29,0.0232371794871794,0.9110576923076924,0.3671008248960754,True
post_hoc_extension_float32_v4,11,5,3,11310912,1248,312,90,31,0.0248397435897435,0.9238782051282052,0.3718092191998252,True
post_hoc_extension_float32_v4,11,5,4,11311013,1248,312,85,34,0.0272435897435897,0.9270833333333334,0.3074877426970518,True
post_hoc_extension_float32_v4,11,5,5,11311114,1248,312,90,38,0.0304487179487179,0.9094551282051282,0.3096565865423328,True
post_hoc_extension_float32_v4,12,1,1,12270677,1248,312,88,32,0.0256410256410256,0.9182692307692308,0.2610585584511401,True
post_hoc_extension_float32_v4,12,1,2,12270778,1248,312,89,29,0.0232371794871794,0.9126602564102564,0.2725635940625689,True
post_hoc_extension_float32_v4,12,1,3,12270879,1248,312,87,31,0.0248397435897435,0.907852564102564,0.3453900831547736,True
post_hoc_extension_float32_v4,12,1,4,12270980,1248,312,95,40,0.032051282051282,0.9134615384615384,0.3446189713629712,True
post_hoc_extension_float32_v4,12,1,5,12271081,1248,312,87,30,0.0240384615384615,0.9166666666666666,0.3118646168408582,True
post_hoc_extension_float32_v4,12,2,1,12280686,1248,312,87,27,0.0216346153846153,0.9166666666666666,0.3764908707640819,True
post_hoc_extension_float32_v4,12,2,2,12280787,1248,312,93,36,0.0288461538461538,0.904647435897436,0.3649219379157891,True
post_hoc_extension_float32_v4,12,2,3,12280888,1248,312,87,31,0.0248397435897435,0.9030448717948718,0.35185527552789,True
post_hoc_extension_float32_v4,12,2,4,12280989,1248,312,91,39,0.03125,0.9102564102564102,0.3152980210103838,True
post_hoc_extension_float32_v4,12,2,5,12281090,1248,312,89,36,0.0288461538461538,0.908653846153846,0.3062963452118486,True
post_hoc_extension_float32_v4,12,3,1,12290695,1248,312,90,32,0.0256410256410256,0.907051282051282,0.3646075936697091,True
post_hoc_extension_float32_v4,12,3,2,12290796,1248,312,87,33,0.0264423076923076,0.9142628205128204,0.3278900151375673,True
post_hoc_extension_float32_v4,12,3,3,12290897,1248,312,90,36,0.0288461538461538,0.9118589743589745,0.2618587386855652,True
post_hoc_extension_float32_v4,12,3,4,12290998,1248,312,85,33,0.0264423076923076,0.9182692307692308,0.3264913932594702,True
post_hoc_extension_float32_v4,12,3,5,12291099,1248,312,92,36,0.0288461538461538,0.905448717948718,0.3071460942995166,True
post_hoc_extension_float32_v4,12,4,1,12300704,1248,312,85,27,0.0216346153846153,0.905448717948718,0.3502365834006171,True
post_hoc_extension_float32_v4,12,4,2,12300805,1248,312,93,33,0.0264423076923076,0.90625,0.329620961609695,True
post_hoc_extension_float32_v4,12,4,3,12300906,1248,312,85,29,0.0232371794871794,0.9222756410256412,0.3590433160842722,True
post_hoc_extension_float32_v4,12,4,4,12301007,1248,312,89,33,0.0264423076923076,0.9158653846153846,0.3102566093617724,True
post_hoc_extension_float32_v4,12,4,5,12301108,1248,312,90,38,0.0304487179487179,0.9166666666666666,0.3022165171358515,True
post_hoc_extension_float32_v4,12,5,1,12310713,1248,312,94,38,0.0304487179487179,0.9014423076923076,0.2934824950975142,True
post_hoc_extension_float32_v4,12,5,2,12310814,1248,312,88,29,0.0232371794871794,0.90625,0.3195023588310883,True
post_hoc_extension_float32_v4,12,5,3,12310915,1248,312,90,31,0.0248397435897435,0.9110576923076924,0.318943798329986,True
post_hoc_extension_float32_v4,12,5,4,12311016,1248,312,85,34,0.0272435897435897,0.9134615384615384,0.3120399855439293,True
post_hoc_extension_float32_v4,12,5,5,12311117,1248,312,90,38,0.0304487179487179,0.9142628205128204,0.3488661338988265,True
post_hoc_extension_float32_v4,13,1,1,13270680,1248,312,88,32,0.0256410256410256,0.8950320512820513,0.3079685237299512,True
post_hoc_extension_float32_v4,13,1,2,13270781,1248,312,89,29,0.0232371794871794,0.9198717948717948,0.3323121323238838,True
post_hoc_extension_float32_v4,13,1,3,13270882,1248,312,87,31,0.0248397435897435,0.9118589743589745,0.3439190135509231,True
post_hoc_extension_float32_v4,13,1,4,13270983,1248,312,95,40,0.032051282051282,0.9142628205128204,0.3399508148659727,True
post_hoc_extension_float32_v4,13,1,5,13271084,1248,312,87,30,0.0240384615384615,0.9206730769230768,0.3177357701251053,True
post_hoc_extension_float32_v4,13,2,1,13280689,1248,312,87,27,0.0216346153846153,0.9166666666666666,0.3996451704792343,True
post_hoc_extension_float32_v4,13,2,2,13280790,1248,312,93,36,0.0288461538461538,0.8990384615384616,0.3441858270120596,True
post_hoc_extension_float32_v4,13,2,3,13280891,1248,312,87,31,0.0248397435897435,0.9206730769230768,0.3592216292177113,True
post_hoc_extension_float32_v4,13,2,4,13280992,1248,312,91,39,0.03125,0.9158653846153846,0.3309378463353432,True
post_hoc_extension_float32_v4,13,2,5,13281093,1248,312,89,36,0.0288461538461538,0.907852564102564,0.2436488755488561,True
post_hoc_extension_float32_v4,13,3,1,13290698,1248,312,90,32,0.0256410256410256,0.8926282051282052,0.3408498365643932,True
post_hoc_extension_float32_v4,13,3,2,13290799,1248,312,87,33,0.0264423076923076,0.8998397435897436,0.3098216484660362,True
post_hoc_extension_float32_v4,13,3,3,13290900,1248,312,90,36,0.0288461538461538,0.9158653846153846,0.2675403537855658,True
post_hoc_extension_float32_v4,13,3,4,13291001,1248,312,85,33,0.0264423076923076,0.9286858974358976,0.2918242173534051,True
post_hoc_extension_float32_v4,13,3,5,13291102,1248,312,92,36,0.0288461538461538,0.9126602564102564,0.3766664227376298,True
post_hoc_extension_float32_v4,13,4,1,13300707,1248,312,85,27,0.0216346153846153,0.9182692307692308,0.3767437914900217,True
post_hoc_extension_float32_v4,13,4,2,13300808,1248,312,93,33,0.0264423076923076,0.8974358974358975,0.3519769294636927,True
post_hoc_extension_float32_v4,13,4,3,13300909,1248,312,85,29,0.0232371794871794,0.9190705128205128,0.3375915244323366,True
post_hoc_extension_float32_v4,13,4,4,13301010,1248,312,89,33,0.0264423076923076,0.9094551282051282,0.3148366218007286,True
post_hoc_extension_float32_v4,13,4,5,13301111,1248,312,90,38,0.0304487179487179,0.908653846153846,0.3391025121217383,True
post_hoc_extension_float32_v4,13,5,1,13310716,1248,312,94,38,0.0304487179487179,0.8958333333333334,0.3045155340300732,True
post_hoc_extension_float32_v4,13,5,2,13310817,1248,312,88,29,0.0232371794871794,0.9214743589743588,0.363568123526817,True
post_hoc_extension_float32_v4,13,5,3,13310918,1248,312,90,31,0.0248397435897435,0.9190705128205128,0.3206892813034825,True
post_hoc_extension_float32_v4,13,5,4,13311019,1248,312,85,34,0.0272435897435897,0.9150641025641024,0.3089271553450603,True
post_hoc_extension_float32_v4,13,5,5,13311120,1248,312,90,38,0.0304487179487179,0.903846153846154,0.3500726042194344,True
post_hoc_extension_float32_v4,14,1,1,14270683,1248,312,88,32,0.0256410256410256,0.9022435897435898,0.3338921655892911,True
post_hoc_extension_float32_v4,14,1,2,14270784,1248,312,89,29,0.0232371794871794,0.9158653846153846,0.3168743030827994,True
post_hoc_extension_float32_v4,14,1,3,14270885,1248,312,87,31,0.0248397435897435,0.905448717948718,0.3212984248152989,True
post_hoc_extension_float32_v4,14,1,4,14270986,1248,312,95,40,0.032051282051282,0.904647435897436,0.3645829718742737,True
post_hoc_extension_float32_v4,14,1,5,14271087,1248,312,87,30,0.0240384615384615,0.9110576923076924,0.3569079796348613,True
post_hoc_extension_float32_v4,14,2,1,14280692,1248,312,87,27,0.0216346153846153,0.9166666666666666,0.3140059251974753,True
post_hoc_extension_float32_v4,14,2,2,14280793,1248,312,93,36,0.0288461538461538,0.9182692307692308,0.3195829666182056,True
post_hoc_extension_float32_v4,14,2,3,14280894,1248,312,87,31,0.0248397435897435,0.9142628205128204,0.3652134927492974,True
post_hoc_extension_float32_v4,14,2,4,14280995,1248,312,91,39,0.03125,0.907051282051282,0.3094836203337265,True
post_hoc_extension_float32_v4,14,2,5,14281096,1248,312,89,36,0.0288461538461538,0.9182692307692308,0.3144161427405449,True
post_hoc_extension_float32_v4,14,3,1,14290701,1248,312,90,32,0.0256410256410256,0.9102564102564102,0.2873531037506075,True
post_hoc_extension_float32_v4,14,3,2,14290802,1248,312,87,33,0.0264423076923076,0.8974358974358975,0.3499200701866826,True
post_hoc_extension_float32_v4,14,3,3,14290903,1248,312,90,36,0.0288461538461538,0.9110576923076924,0.2632695435748069,True
post_hoc_extension_float32_v4,14,3,4,14291004,1248,312,85,33,0.0264423076923076,0.905448717948718,0.4165148883700093,True
post_hoc_extension_float32_v4,14,3,5,14291105,1248,312,92,36,0.0288461538461538,0.9198717948717948,0.3573557629781917,True
post_hoc_extension_float32_v4,14,4,1,14300710,1248,312,85,27,0.0216346153846153,0.9182692307692308,0.3595524196784013,True
post_hoc_extension_float32_v4,14,4,2,14300811,1248,312,93,33,0.0264423076923076,0.9150641025641024,0.2890230251642051,True
post_hoc_extension_float32_v4,14,4,3,14300912,1248,312,85,29,0.0232371794871794,0.9142628205128204,0.3240725976354341,True
post_hoc_extension_float32_v4,14,4,4,14301013,1248,312,89,33,0.0264423076923076,0.907852564102564,0.3250635376493104,True
post_hoc_extension_float32_v4,14,4,5,14301114,1248,312,90,38,0.0304487179487179,0.9174679487179488,0.3278000866075939,True
post_hoc_extension_float32_v4,14,5,1,14310719,1248,312,94,38,0.0304487179487179,0.8974358974358975,0.3220054883264336,True
post_hoc_extension_float32_v4,14,5,2,14310820,1248,312,88,29,0.0232371794871794,0.9206730769230768,0.3560726756253548,True
post_hoc_extension_float32_v4,14,5,3,14310921,1248,312,90,31,0.0248397435897435,0.9150641025641024,0.2678858738265474,True
post_hoc_extension_float32_v4,14,5,4,14311022,1248,312,85,34,0.0272435897435897,0.9190705128205128,0.3073075284055412,True
post_hoc_extension_float32_v4,14,5,5,14311123,1248,312,90,38,0.0304487179487179,0.907852564102564,0.3163836642762452,True
post_hoc_extension_float32_v4,15,1,1,15270686,1248,312,88,32,0.0256410256410256,0.9166666666666666,0.2755195391610338,True
post_hoc_extension_float32_v4,15,1,2,15270787,1248,312,89,29,0.0232371794871794,0.9182692307692308,0.3081795976847922,True
post_hoc_extension_float32_v4,15,1,3,15270888,1248,312,87,31,0.0248397435897435,0.9158653846153846,0.3235443990650171,True
post_hoc_extension_float32_v4,15,1,4,15270989,1248,312,95,40,0.032051282051282,0.9102564102564102,0.3636476497797711,True
post_hoc_extension_float32_v4,15,1,5,15271090,1248,312,87,30,0.0240384615384615,0.9158653846153846,0.2955252292835214,True
post_hoc_extension_float32_v4,15,2,1,15280695,1248,312,87,27,0.0216346153846153,0.9302884615384616,0.3655355909067408,True
post_hoc_extension_float32_v4,15,2,2,15280796,1248,312,93,36,0.0288461538461538,0.9014423076923076,0.3565969453932903,True
post_hoc_extension_float32_v4,15,2,3,15280897,1248,312,87,31,0.0248397435897435,0.9110576923076924,0.314085644322266,True
post_hoc_extension_float32_v4,15,2,4,15280998,1248,312,91,39,0.03125,0.907051282051282,0.3390160452617959,True
post_hoc_extension_float32_v4,15,2,5,15281099,1248,312,89,36,0.0288461538461538,0.9190705128205128,0.2932326849585967,True
post_hoc_extension_float32_v4,15,3,1,15290704,1248,312,90,32,0.0256410256410256,0.8998397435897436,0.3383304462280118,True
post_hoc_extension_float32_v4,15,3,2,15290805,1248,312,87,33,0.0264423076923076,0.9174679487179488,0.3314153491796687,True
post_hoc_extension_float32_v4,15,3,3,15290906,1248,312,90,36,0.0288461538461538,0.9094551282051282,0.2955171566773812,True
post_hoc_extension_float32_v4,15,3,4,15291007,1248,312,85,33,0.0264423076923076,0.90625,0.3465112735503519,True
post_hoc_extension_float32_v4,15,3,5,15291108,1248,312,92,36,0.0288461538461538,0.9190705128205128,0.3477203074954055,True
post_hoc_extension_float32_v4,15,4,1,15300713,1248,312,85,27,0.0216346153846153,0.9126602564102564,0.3724737293796294,True
post_hoc_extension_float32_v4,15,4,2,15300814,1248,312,93,33,0.0264423076923076,0.8934294871794872,0.316303986147496,True
post_hoc_extension_float32_v4,15,4,3,15300915,1248,312,85,29,0.0232371794871794,0.905448717948718,0.3338107898144873,True
post_hoc_extension_float32_v4,15,4,4,15301016,1248,312,89,33,0.0264423076923076,0.905448717948718,0.3554148954578778,True
post_hoc_extension_float32_v4,15,4,5,15301117,1248,312,90,38,0.0304487179487179,0.9158653846153846,0.3204073456914647,True
post_hoc_extension_float32_v4,15,5,1,15310722,1248,312,94,38,0.0304487179487179,0.903846153846154,0.3608086400722956,True
post_hoc_extension_float32_v4,15,5,2,15310823,1248,312,88,29,0.0232371794871794,0.908653846153846,0.3876048539512498,True
post_hoc_extension_float32_v4,15,5,3,15310924,1248,312,90,31,0.0248397435897435,0.9158653846153846,0.3554280522738248,True
post_hoc_extension_float32_v4,15,5,4,15311025,1248,312,85,34,0.0272435897435897,0.9134615384615384,0.3430623092850791,True
post_hoc_extension_float32_v4,15,5,5,15311126,1248,312,90,38,0.0304487179487179,0.9022435897435898,0.3350467823199049,True
post_hoc_extension_float32_v4,16,1,1,16270689,1248,312,88,32,0.0256410256410256,0.9142628205128204,0.2829293075513149,True
post_hoc_extension_float32_v4,16,1,2,16270790,1248,312,89,29,0.0232371794871794,0.9206730769230768,0.2971812026927743,True
post_hoc_extension_float32_v4,16,1,3,16270891,1248,312,87,31,0.0248397435897435,0.9174679487179488,0.299182391926839,True
post_hoc_extension_float32_v4,16,1,4,16270992,1248,312,95,40,0.032051282051282,0.905448717948718,0.3398774118783487,True
post_hoc_extension_float32_v4,16,1,5,16271093,1248,312,87,30,0.0240384615384615,0.904647435897436,0.3214036117997658,True
post_hoc_extension_float32_v4,16,2,1,16280698,1248,312,87,27,0.0216346153846153,0.9190705128205128,0.3668997460995543,True
post_hoc_extension_float32_v4,16,2,2,16280799,1248,312,93,36,0.0288461538461538,0.9102564102564102,0.3128450672463654,True
post_hoc_extension_float32_v4,16,2,3,16280900,1248,312,87,31,0.0248397435897435,0.905448717948718,0.3456126591782169,True
post_hoc_extension_float32_v4,16,2,4,16281001,1248,312,91,39,0.03125,0.907852564102564,0.3762769554674473,True
post_hoc_extension_float32_v4,16,2,5,16281102,1248,312,89,36,0.0288461538461538,0.9110576923076924,0.2797089898282252,True
post_hoc_extension_float32_v4,16,3,1,16290707,1248,312,90,32,0.0256410256410256,0.9006410256410257,0.3122815613508594,True
post_hoc_extension_float32_v4,16,3,2,16290808,1248,312,87,33,0.0264423076923076,0.9158653846153846,0.2905260275470063,True
post_hoc_extension_float32_v4,16,3,3,16290909,1248,312,90,36,0.0288461538461538,0.9094551282051282,0.3440301610190505,True
post_hoc_extension_float32_v4,16,3,4,16291010,1248,312,85,33,0.0264423076923076,0.9142628205128204,0.379490818244622,True
post_hoc_extension_float32_v4,16,3,5,16291111,1248,312,92,36,0.0288461538461538,0.9118589743589745,0.3129679323793431,True
post_hoc_extension_float32_v4,16,4,1,16300716,1248,312,85,27,0.0216346153846153,0.907051282051282,0.3677297111247438,True
post_hoc_extension_float32_v4,16,4,2,16300817,1248,312,93,33,0.0264423076923076,0.9030448717948718,0.283176314010487,True
post_hoc_extension_float32_v4,16,4,3,16300918,1248,312,85,29,0.0232371794871794,0.9134615384615384,0.378870234523288,True
post_hoc_extension_float32_v4,16,4,4,16301019,1248,312,89,33,0.0264423076923076,0.90625,0.3116350088479966,True
post_hoc_extension_float32_v4,16,4,5,16301120,1248,312,90,38,0.0304487179487179,0.9246794871794872,0.3230313310093384,True
post_hoc_extension_float32_v4,16,5,1,16310725,1248,312,94,38,0.0304487179487179,0.9014423076923076,0.3572789221972398,True
post_hoc_extension_float32_v4,16,5,2,16310826,1248,312,88,29,0.0232371794871794,0.9150641025641024,0.3725120875328148,True
post_hoc_extension_float32_v4,16,5,3,16310927,1248,312,90,31,0.0248397435897435,0.9294871794871796,0.3358961049865167,True
post_hoc_extension_float32_v4,16,5,4,16311028,1248,312,85,34,0.0272435897435897,0.9102564102564102,0.3342859491653018,True
post_hoc_extension_float32_v4,16,5,5,16311129,1248,312,90,38,0.0304487179487179,0.908653846153846,0.2962398113202295,True
post_hoc_extension_float32_v4,17,1,1,17270692,1248,312,88,32,0.0256410256410256,0.903846153846154,0.3098553664197783,True
post_hoc_extension_float32_v4,17,1,2,17270793,1248,312,89,29,0.0232371794871794,0.9126602564102564,0.2814237507714393,True
post_hoc_extension_float32_v4,17,1,3,17270894,1248,312,87,31,0.0248397435897435,0.905448717948718,0.4127427931535681,True
post_hoc_extension_float32_v4,17,1,4,17270995,1248,312,95,40,0.032051282051282,0.9110576923076924,0.3594846320037474,True
post_hoc_extension_float32_v4,17,1,5,17271096,1248,312,87,30,0.0240384615384615,0.9022435897435898,0.3305051081776378,True
post_hoc_extension_float32_v4,17,2,1,17280701,1248,312,87,27,0.0216346153846153,0.908653846153846,0.3614050332741833,True
post_hoc_extension_float32_v4,17,2,2,17280802,1248,312,93,36,0.0288461538461538,0.907852564102564,0.3585677743361793,True
post_hoc_extension_float32_v4,17,2,3,17280903,1248,312,87,31,0.0248397435897435,0.9126602564102564,0.3282410522629593,True
post_hoc_extension_float32_v4,17,2,4,17281004,1248,312,91,39,0.03125,0.9094551282051282,0.3365313853285366,True
post_hoc_extension_float32_v4,17,2,5,17281105,1248,312,89,36,0.0288461538461538,0.9198717948717948,0.2615162897137901,True
post_hoc_extension_float32_v4,17,3,1,17290710,1248,312,90,32,0.0256410256410256,0.907852564102564,0.3979492897099883,True
post_hoc_extension_float32_v4,17,3,2,17290811,1248,312,87,33,0.0264423076923076,0.907051282051282,0.2993309639811868,True
post_hoc_extension_float32_v4,17,3,3,17290912,1248,312,90,36,0.0288461538461538,0.9126602564102564,0.2732488608987505,True
post_hoc_extension_float32_v4,17,3,4,17291013,1248,312,85,33,0.0264423076923076,0.907051282051282,0.3446385420769191,True
post_hoc_extension_float32_v4,17,3,5,17291114,1248,312,92,36,0.0288461538461538,0.9182692307692308,0.337574443408014,True
post_hoc_extension_float32_v4,17,4,1,17300719,1248,312,85,27,0.0216346153846153,0.905448717948718,0.3315483547291749,True
post_hoc_extension_float32_v4,17,4,2,17300820,1248,312,93,33,0.0264423076923076,0.9118589743589745,0.2592564995117867,True
post_hoc_extension_float32_v4,17,4,3,17300921,1248,312,85,29,0.0232371794871794,0.9134615384615384,0.3060931648576562,True
post_hoc_extension_float32_v4,17,4,4,17301022,1248,312,89,33,0.0264423076923076,0.9126602564102564,0.3242008794328175,True
post_hoc_extension_float32_v4,17,4,5,17301123,1248,312,90,38,0.0304487179487179,0.9198717948717948,0.3407111103574051,True
post_hoc_extension_float32_v4,17,5,1,17310728,1248,312,94,38,0.0304487179487179,0.9022435897435898,0.3062207377604918,True
post_hoc_extension_float32_v4,17,5,2,17310829,1248,312,88,29,0.0232371794871794,0.9214743589743588,0.3676309833424035,True
post_hoc_extension_float32_v4,17,5,3,17310930,1248,312,90,31,0.0248397435897435,0.9174679487179488,0.2848850613927685,True
post_hoc_extension_float32_v4,17,5,4,17311031,1248,312,85,34,0.0272435897435897,0.9230769230769232,0.3373659669875684,True
post_hoc_extension_float32_v4,17,5,5,17311132,1248,312,90,38,0.0304487179487179,0.9118589743589745,0.3444005312239628,True
post_hoc_extension_float32_v4,18,1,1,18270695,1248,312,88,32,0.0256410256410256,0.908653846153846,0.3176152637569038,True
post_hoc_extension_float32_v4,18,1,2,18270796,1248,312,89,29,0.0232371794871794,0.9158653846153846,0.3096992711495872,True
post_hoc_extension_float32_v4,18,1,3,18270897,1248,312,87,31,0.0248397435897435,0.908653846153846,0.3690881965675378,True
post_hoc_extension_float32_v4,18,1,4,18270998,1248,312,95,40,0.032051282051282,0.9022435897435898,0.37960218287179,True
post_hoc_extension_float32_v4,18,1,5,18271099,1248,312,87,30,0.0240384615384615,0.9110576923076924,0.3217659722013844,True
post_hoc_extension_float32_v4,18,2,1,18280704,1248,312,87,27,0.0216346153846153,0.9094551282051282,0.4120015067673027,True
post_hoc_extension_float32_v4,18,2,2,18280805,1248,312,93,36,0.0288461538461538,0.9022435897435898,0.3323752299494786,True
post_hoc_extension_float32_v4,18,2,3,18280906,1248,312,87,31,0.0248397435897435,0.905448717948718,0.416323845937201,True
post_hoc_extension_float32_v4,18,2,4,18281007,1248,312,91,39,0.03125,0.9102564102564102,0.304756029981543,True
post_hoc_extension_float32_v4,18,2,5,18281108,1248,312,89,36,0.0288461538461538,0.9254807692307692,0.2381546328061686,True
post_hoc_extension_float32_v4,18,3,1,18290713,1248,312,90,32,0.0256410256410256,0.903846153846154,0.3484332065249895,True
post_hoc_extension_float32_v4,18,3,2,18290814,1248,312,87,33,0.0264423076923076,0.907051282051282,0.3155220627152731,True
post_hoc_extension_float32_v4,18,3,3,18290915,1248,312,90,36,0.0288461538461538,0.9102564102564102,0.2891557406233299,True
post_hoc_extension_float32_v4,18,3,4,18291016,1248,312,85,33,0.0264423076923076,0.9182692307692308,0.3322773925941032,True
post_hoc_extension_float32_v4,18,3,5,18291117,1248,312,92,36,0.0288461538461538,0.907051282051282,0.36352917384513,True
post_hoc_extension_float32_v4,18,4,1,18300722,1248,312,85,27,0.0216346153846153,0.9126602564102564,0.3790871594835879,True
post_hoc_extension_float32_v4,18,4,2,18300823,1248,312,93,33,0.0264423076923076,0.904647435897436,0.3056351281242915,True
post_hoc_extension_float32_v4,18,4,3,18300924,1248,312,85,29,0.0232371794871794,0.9174679487179488,0.3837768970523271,True
post_hoc_extension_float32_v4,18,4,4,18301025,1248,312,89,33,0.0264423076923076,0.9150641025641024,0.2707729726532004,True
post_hoc_extension_float32_v4,18,4,5,18301126,1248,312,90,38,0.0304487179487179,0.9190705128205128,0.3486079156071227,True
post_hoc_extension_float32_v4,18,5,1,18310731,1248,312,94,38,0.0304487179487179,0.905448717948718,0.3635684619505139,True
post_hoc_extension_float32_v4,18,5,2,18310832,1248,312,88,29,0.0232371794871794,0.9150641025641024,0.4050786562962203,True
post_hoc_extension_float32_v4,18,5,3,18310933,1248,312,90,31,0.0248397435897435,0.9134615384615384,0.3156624498559844,True
post_hoc_extension_float32_v4,18,5,4,18311034,1248,312,85,34,0.0272435897435897,0.9166666666666666,0.2886176643616576,True
post_hoc_extension_float32_v4,18,5,5,18311135,1248,312,90,38,0.0304487179487179,0.9118589743589745,0.2843502524582381,True
post_hoc_extension_float32_v4,19,1,1,19270698,1248,312,88,32,0.0256410256410256,0.9142628205128204,0.2764190343290086,True
post_hoc_extension_float32_v4,19,1,2,19270799,1248,312,89,29,0.0232371794871794,0.9118589743589745,0.280307888337762,True
post_hoc_extension_float32_v4,19,1,3,19270900,1248,312,87,31,0.0248397435897435,0.907852564102564,0.3970654286176034,True
post_hoc_extension_float32_v4,19,1,4,19271001,1248,312,95,40,0.032051282051282,0.9102564102564102,0.3485576344576943,True
post_hoc_extension_float32_v4,19,1,5,19271102,1248,312,87,30,0.0240384615384615,0.9206730769230768,0.3183994424931506,True
post_hoc_extension_float32_v4,19,2,1,19280707,1248,312,87,27,0.0216346153846153,0.9118589743589745,0.341962965085697,True
post_hoc_extension_float32_v4,19,2,2,19280808,1248,312,93,36,0.0288461538461538,0.9142628205128204,0.2930768088082299,True
post_hoc_extension_float32_v4,19,2,3,19280909,1248,312,87,31,0.0248397435897435,0.903846153846154,0.4160317863083997,True
post_hoc_extension_float32_v4,19,2,4,19281010,1248,312,91,39,0.03125,0.9126602564102564,0.3168294807840404,True
post_hoc_extension_float32_v4,19,2,5,19281111,1248,312,89,36,0.0288461538461538,0.9030448717948718,0.2992650734080806,True
post_hoc_extension_float32_v4,19,3,1,19290716,1248,312,90,32,0.0256410256410256,0.9126602564102564,0.3534045199985394,True
post_hoc_extension_float32_v4,19,3,2,19290817,1248,312,87,33,0.0264423076923076,0.9102564102564102,0.3121828401604736,True
post_hoc_extension_float32_v4,19,3,3,19290918,1248,312,90,36,0.0288461538461538,0.8998397435897436,0.3130609025497003,True
post_hoc_extension_float32_v4,19,3,4,19291019,1248,312,85,33,0.0264423076923076,0.9126602564102564,0.3970477601525995,True
post_hoc_extension_float32_v4,19,3,5,19291120,1248,312,92,36,0.0288461538461538,0.9126602564102564,0.3540169076452421,True
post_hoc_extension_float32_v4,19,4,1,19300725,1248,312,85,27,0.0216346153846153,0.904647435897436,0.3802155536164819,True
post_hoc_extension_float32_v4,19,4,2,19300826,1248,312,93,33,0.0264423076923076,0.9118589743589745,0.3037130929139796,True
post_hoc_extension_float32_v4,19,4,3,19300927,1248,312,85,29,0.0232371794871794,0.9102564102564102,0.3523243572199331,True
post_hoc_extension_float32_v4,19,4,4,19301028,1248,312,89,33,0.0264423076923076,0.9214743589743588,0.3055579421358393,True
post_hoc_extension_float32_v4,19,4,5,19301129,1248,312,90,38,0.0304487179487179,0.9190705128205128,0.2934381899098139,True
post_hoc_extension_float32_v4,19,5,1,19310734,1248,312,94,38,0.0304487179487179,0.9030448717948718,0.3368820345637366,True
post_hoc_extension_float32_v4,19,5,2,19310835,1248,312,88,29,0.0232371794871794,0.9166666666666666,0.2973829280230731,True
post_hoc_extension_float32_v4,19,5,3,19310936,1248,312,90,31,0.0248397435897435,0.9190705128205128,0.2891949747449626,True
post_hoc_extension_float32_v4,19,5,4,19311037,1248,312,85,34,0.0272435897435897,0.9134615384615384,0.3258947508224626,True
post_hoc_extension_float32_v4,19,5,5,19311138,1248,312,90,38,0.0304487179487179,0.9110576923076924,0.3191143476712227,True
post_hoc_extension_float32_v4,20,1,1,20270701,1248,312,88,32,0.0256410256410256,0.9166666666666666,0.3104586701010784,True
post_hoc_extension_float32_v4,20,1,2,20270802,1248,312,89,29,0.0232371794871794,0.908653846153846,0.2758602260472517,True
post_hoc_extension_float32_v4,20,1,3,20270903,1248,312,87,31,0.0248397435897435,0.9174679487179488,0.3399744224367806,True
post_hoc_extension_float32_v4,20,1,4,20271004,1248,312,95,40,0.032051282051282,0.9030448717948718,0.3905924097790769,True
post_hoc_extension_float32_v4,20,1,5,20271105,1248,312,87,30,0.0240384615384615,0.9142628205128204,0.2939310520404281,True
post_hoc_extension_float32_v4,20,2,1,20280710,1248,312,87,27,0.0216346153846153,0.9310897435897436,0.3076295279336386,True
post_hoc_extension_float32_v4,20,2,2,20280811,1248,312,93,36,0.0288461538461538,0.9150641025641024,0.2817564470647003,True
post_hoc_extension_float32_v4,20,2,3,20280912,1248,312,87,31,0.0248397435897435,0.9142628205128204,0.3796480975943788,True
post_hoc_extension_float32_v4,20,2,4,20281013,1248,312,91,39,0.03125,0.90625,0.381730865078137,True
post_hoc_extension_float32_v4,20,2,5,20281114,1248,312,89,36,0.0288461538461538,0.9158653846153846,0.2695941869560418,True
post_hoc_extension_float32_v4,20,3,1,20290719,1248,312,90,32,0.0256410256410256,0.9198717948717948,0.3315553306918124,True
post_hoc_extension_float32_v4,20,3,2,20290820,1248,312,87,33,0.0264423076923076,0.8990384615384616,0.3100658285207284,True
post_hoc_extension_float32_v4,20,3,3,20290921,1248,312,90,36,0.0288461538461538,0.9150641025641024,0.3641589411402629,True
post_hoc_extension_float32_v4,20,3,4,20291022,1248,312,85,33,0.0264423076923076,0.907051282051282,0.3098674587604897,True
post_hoc_extension_float32_v4,20,3,5,20291123,1248,312,92,36,0.0288461538461538,0.9118589743589745,0.3444100424302111,True
post_hoc_extension_float32_v4,20,4,1,20300728,1248,312,85,27,0.0216346153846153,0.9230769230769232,0.3307053873594749,True
post_hoc_extension_float32_v4,20,4,2,20300829,1248,312,93,33,0.0264423076923076,0.9006410256410257,0.3241280211734685,True
post_hoc_extension_float32_v4,20,4,3,20300930,1248,312,85,29,0.0232371794871794,0.9254807692307692,0.3548560131741574,True
post_hoc_extension_float32_v4,20,4,4,20301031,1248,312,89,33,0.0264423076923076,0.907852564102564,0.3155538370562652,True
post_hoc_extension_float32_v4,20,4,5,20301132,1248,312,90,38,0.0304487179487179,0.9142628205128204,0.3143873705551323,True
post_hoc_extension_float32_v4,20,5,1,20310737,1248,312,94,38,0.0304487179487179,0.8982371794871795,0.3288073453417702,True
post_hoc_extension_float32_v4,20,5,2,20310838,1248,312,88,29,0.0232371794871794,0.9166666666666666,0.4083179284362407,True
post_hoc_extension_float32_v4,20,5,3,20310939,1248,312,90,31,0.0248397435897435,0.903846153846154,0.3287768649077818,True
post_hoc_extension_float32_v4,20,5,4,20311040,1248,312,85,34,0.0272435897435897,0.9126602564102564,0.3316217046377278,True
post_hoc_extension_float32_v4,20,5,5,20311141,1248,312,90,38,0.0304487179487179,0.907051282051282,0.3547624982671414,True
post_hoc_extension_float32_v4,21,1,1,21270704,1248,312,88,32,0.0256410256410256,0.8990384615384616,0.3120743968356985,True
post_hoc_extension_float32_v4,21,1,2,21270805,1248,312,89,29,0.0232371794871794,0.9126602564102564,0.3100471188720842,True
post_hoc_extension_float32_v4,21,1,3,21270906,1248,312,87,31,0.0248397435897435,0.9118589743589745,0.3440575686818593,True
post_hoc_extension_float32_v4,21,1,4,21271007,1248,312,95,40,0.032051282051282,0.9110576923076924,0.4306790741515656,True
post_hoc_extension_float32_v4,21,1,5,21271108,1248,312,87,30,0.0240384615384615,0.9030448717948718,0.31735109853895,True
post_hoc_extension_float32_v4,21,2,1,21280713,1248,312,87,27,0.0216346153846153,0.9230769230769232,0.344911261036588,True
post_hoc_extension_float32_v4,21,2,2,21280814,1248,312,93,36,0.0288461538461538,0.9022435897435898,0.3190551651926235,True
post_hoc_extension_float32_v4,21,2,3,21280915,1248,312,87,31,0.0248397435897435,0.9198717948717948,0.3586209467438808,True
post_hoc_extension_float32_v4,21,2,4,21281016,1248,312,91,39,0.03125,0.9190705128205128,0.3032909261369751,True
post_hoc_extension_float32_v4,21,2,5,21281117,1248,312,89,36,0.0288461538461538,0.9222756410256412,0.2819604675029814,True
post_hoc_extension_float32_v4,21,3,1,21290722,1248,312,90,32,0.0256410256410256,0.9174679487179488,0.3123632715886026,True
post_hoc_extension_float32_v4,21,3,2,21290823,1248,312,87,33,0.0264423076923076,0.9174679487179488,0.3157956013625795,True
post_hoc_extension_float32_v4,21,3,3,21290924,1248,312,90,36,0.0288461538461538,0.9102564102564102,0.2495200141642261,True
post_hoc_extension_float32_v4,21,3,4,21291025,1248,312,85,33,0.0264423076923076,0.9150641025641024,0.3699501768543295,True
post_hoc_extension_float32_v4,21,3,5,21291126,1248,312,92,36,0.0288461538461538,0.9094551282051282,0.359211613025132,True
post_hoc_extension_float32_v4,21,4,1,21300731,1248,312,85,27,0.0216346153846153,0.905448717948718,0.3489911467424821,True
post_hoc_extension_float32_v4,21,4,2,21300832,1248,312,93,33,0.0264423076923076,0.907051282051282,0.298016707976686,True
post_hoc_extension_float32_v4,21,4,3,21300933,1248,312,85,29,0.0232371794871794,0.907852564102564,0.3856934034939965,True
post_hoc_extension_float32_v4,21,4,4,21301034,1248,312,89,33,0.0264423076923076,0.9158653846153846,0.2912587300053916,True
post_hoc_extension_float32_v4,21,4,5,21301135,1248,312,90,38,0.0304487179487179,0.9174679487179488,0.2346761611467052,True
post_hoc_extension_float32_v4,21,5,1,21310740,1248,312,94,38,0.0304487179487179,0.903846153846154,0.310544726705363,True
post_hoc_extension_float32_v4,21,5,2,21310841,1248,312,88,29,0.0232371794871794,0.9198717948717948,0.3743224129788022,True
post_hoc_extension_float32_v4,21,5,3,21310942,1248,312,90,31,0.0248397435897435,0.9110576923076924,0.3171115065882322,True
post_hoc_extension_float32_v4,21,5,4,21311043,1248,312,85,34,0.0272435897435897,0.9118589743589745,0.30199330731752,True
post_hoc_extension_float32_v4,21,5,5,21311144,1248,312,90,38,0.0304487179487179,0.908653846153846,0.3386937390578892,True
post_hoc_extension_float32_v4,22,1,1,22270707,1248,312,88,32,0.0256410256410256,0.8918269230769231,0.306790653672243,True
post_hoc_extension_float32_v4,22,1,2,22270808,1248,312,89,29,0.0232371794871794,0.9102564102564102,0.3132616522431126,True
post_hoc_extension_float32_v4,22,1,3,22270909,1248,312,87,31,0.0248397435897435,0.903846153846154,0.3701980311739331,True
post_hoc_extension_float32_v4,22,1,4,22271010,1248,312,95,40,0.032051282051282,0.904647435897436,0.3395781976005244,True
post_hoc_extension_float32_v4,22,1,5,22271111,1248,312,87,30,0.0240384615384615,0.9150641025641024,0.2955020226048662,True
post_hoc_extension_float32_v4,22,2,1,22280716,1248,312,87,27,0.0216346153846153,0.9134615384615384,0.3623174673385649,True
post_hoc_extension_float32_v4,22,2,2,22280817,1248,312,93,36,0.0288461538461538,0.9126602564102564,0.2805545451018543,True
post_hoc_extension_float32_v4,22,2,3,22280918,1248,312,87,31,0.0248397435897435,0.9118589743589745,0.4006410033696117,True
post_hoc_extension_float32_v4,22,2,4,22281019,1248,312,91,39,0.03125,0.9014423076923076,0.3277592958488912,True
post_hoc_extension_float32_v4,22,2,5,22281120,1248,312,89,36,0.0288461538461538,0.90625,0.2883795709447295,True
post_hoc_extension_float32_v4,22,3,1,22290725,1248,312,90,32,0.0256410256410256,0.9118589743589745,0.3497895052627254,True
post_hoc_extension_float32_v4,22,3,2,22290826,1248,312,87,33,0.0264423076923076,0.8974358974358975,0.3466231070718702,True
post_hoc_extension_float32_v4,22,3,3,22290927,1248,312,90,36,0.0288461538461538,0.9126602564102564,0.3002244431110262,True
post_hoc_extension_float32_v4,22,3,4,22291028,1248,312,85,33,0.0264423076923076,0.905448717948718,0.3769990025885661,True
post_hoc_extension_float32_v4,22,3,5,22291129,1248,312,92,36,0.0288461538461538,0.907051282051282,0.3400021338284925,True
post_hoc_extension_float32_v4,22,4,1,22300734,1248,312,85,27,0.0216346153846153,0.908653846153846,0.3506406331413609,True
post_hoc_extension_float32_v4,22,4,2,22300835,1248,312,93,33,0.0264423076923076,0.9102564102564102,0.3052834278134302,True
post_hoc_extension_float32_v4,22,4,3,22300936,1248,312,85,29,0.0232371794871794,0.9126602564102564,0.3185966038104657,True
post_hoc_extension_float32_v4,22,4,4,22301037,1248,312,89,33,0.0264423076923076,0.905448717948718,0.2874762332091558,True
post_hoc_extension_float32_v4,22,4,5,22301138,1248,312,90,38,0.0304487179487179,0.9198717948717948,0.2945625166170205,True
post_hoc_extension_float32_v4,22,5,1,22310743,1248,312,94,38,0.0304487179487179,0.9030448717948718,0.3318449141523135,True
post_hoc_extension_float32_v4,22,5,2,22310844,1248,312,88,29,0.0232371794871794,0.904647435897436,0.4548886966688269,True
post_hoc_extension_float32_v4,22,5,3,22310945,1248,312,90,31,0.0248397435897435,0.9174679487179488,0.2988638520212673,True
post_hoc_extension_float32_v4,22,5,4,22311046,1248,312,85,34,0.0272435897435897,0.9126602564102564,0.3597313269277971,True
post_hoc_extension_float32_v4,22,5,5,22311147,1248,312,90,38,0.0304487179487179,0.9022435897435898,0.374054515210649,True
post_hoc_extension_float32_v4,23,1,1,23270710,1248,312,88,32,0.0256410256410256,0.907051282051282,0.2673390798856003,True
post_hoc_extension_float32_v4,23,1,2,23270811,1248,312,89,29,0.0232371794871794,0.9142628205128204,0.3181011181356582,True
post_hoc_extension_float32_v4,23,1,3,23270912,1248,312,87,31,0.0248397435897435,0.9118589743589745,0.2952380041745603,True
post_hoc_extension_float32_v4,23,1,4,23271013,1248,312,95,40,0.032051282051282,0.8990384615384616,0.3901642513534513,True
post_hoc_extension_float32_v4,23,1,5,23271114,1248,312,87,30,0.0240384615384615,0.9182692307692308,0.3205081298177551,True
post_hoc_extension_float32_v4,23,2,1,23280719,1248,312,87,27,0.0216346153846153,0.9126602564102564,0.3741093099993204,True
post_hoc_extension_float32_v4,23,2,2,23280820,1248,312,93,36,0.0288461538461538,0.8982371794871795,0.3518099138102938,True
post_hoc_extension_float32_v4,23,2,3,23280921,1248,312,87,31,0.0248397435897435,0.90625,0.3378793058671583,True
post_hoc_extension_float32_v4,23,2,4,23281022,1248,312,91,39,0.03125,0.9134615384615384,0.3300431231747387,True
post_hoc_extension_float32_v4,23,2,5,23281123,1248,312,89,36,0.0288461538461538,0.9182692307692308,0.2623530818707557,True
post_hoc_extension_float32_v4,23,3,1,23290728,1248,312,90,32,0.0256410256410256,0.9182692307692308,0.3706161129609407,True
post_hoc_extension_float32_v4,23,3,2,23290829,1248,312,87,33,0.0264423076923076,0.9102564102564102,0.3076889499147949,True
post_hoc_extension_float32_v4,23,3,3,23290930,1248,312,90,36,0.0288461538461538,0.908653846153846,0.2820517561645162,True
post_hoc_extension_float32_v4,23,3,4,23291031,1248,312,85,33,0.0264423076923076,0.9150641025641024,0.3530427719015613,True
post_hoc_extension_float32_v4,23,3,5,23291132,1248,312,92,36,0.0288461538461538,0.907852564102564,0.3531301815378777,True
post_hoc_extension_float32_v4,23,4,1,23300737,1248,312,85,27,0.0216346153846153,0.907852564102564,0.3810833489732152,True
post_hoc_extension_float32_v4,23,4,2,23300838,1248,312,93,33,0.0264423076923076,0.9142628205128204,0.2394830209152432,True
post_hoc_extension_float32_v4,23,4,3,23300939,1248,312,85,29,0.0232371794871794,0.90625,0.3638796641742393,True
post_hoc_extension_float32_v4,23,4,4,23301040,1248,312,89,33,0.0264423076923076,0.903846153846154,0.274180188482425,True
post_hoc_extension_float32_v4,23,4,5,23301141,1248,312,90,38,0.0304487179487179,0.9254807692307692,0.3514938071550446,True
post_hoc_extension_float32_v4,23,5,1,23310746,1248,312,94,38,0.0304487179487179,0.9030448717948718,0.2754558011706953,True
post_hoc_extension_float32_v4,23,5,2,23310847,1248,312,88,29,0.0232371794871794,0.9134615384615384,0.3257087285044912,True
post_hoc_extension_float32_v4,23,5,3,23310948,1248,312,90,31,0.0248397435897435,0.9174679487179488,0.3138811532774445,True
post_hoc_extension_float32_v4,23,5,4,23311049,1248,312,85,34,0.0272435897435897,0.9102564102564102,0.3188107688260686,True
post_hoc_extension_float32_v4,23,5,5,23311150,1248,312,90,38,0.0304487179487179,0.9030448717948718,0.3519144159677152,True
post_hoc_extension_float32_v4,24,1,1,24270713,1248,312,88,32,0.0256410256410256,0.8918269230769231,0.3293000178875918,True
post_hoc_extension_float32_v4,24,1,2,24270814,1248,312,89,29,0.0232371794871794,0.9214743589743588,0.3343739504771414,True
post_hoc_extension_float32_v4,24,1,3,24270915,1248,312,87,31,0.0248397435897435,0.9030448717948718,0.3775606421806473,True
post_hoc_extension_float32_v4,24,1,4,24271016,1248,312,95,40,0.032051282051282,0.903846153846154,0.3758194175066696,True
post_hoc_extension_float32_v4,24,1,5,24271117,1248,312,87,30,0.0240384615384615,0.9166666666666666,0.2717996699079467,True
post_hoc_extension_float32_v4,24,2,1,24280722,1248,312,87,27,0.0216346153846153,0.9110576923076924,0.3823217755320953,True
post_hoc_extension_float32_v4,24,2,2,24280823,1248,312,93,36,0.0288461538461538,0.8950320512820513,0.3375499626776616,True
post_hoc_extension_float32_v4,24,2,3,24280924,1248,312,87,31,0.0248397435897435,0.9142628205128204,0.3467894202417655,True
post_hoc_extension_float32_v4,24,2,4,24281025,1248,312,91,39,0.03125,0.8958333333333334,0.3235371656173499,True
post_hoc_extension_float32_v4,24,2,5,24281126,1248,312,89,36,0.0288461538461538,0.9134615384615384,0.2657223531687385,True
post_hoc_extension_float32_v4,24,3,1,24290731,1248,312,90,32,0.0256410256410256,0.9126602564102564,0.3273848897048741,True
post_hoc_extension_float32_v4,24,3,2,24290832,1248,312,87,33,0.0264423076923076,0.8982371794871795,0.3140351396087998,True
post_hoc_extension_float32_v4,24,3,3,24290933,1248,312,90,36,0.0288461538461538,0.907051282051282,0.2923917921746155,True
post_hoc_extension_float32_v4,24,3,4,24291034,1248,312,85,33,0.0264423076923076,0.9150641025641024,0.3220951538275604,True
post_hoc_extension_float32_v4,24,3,5,24291135,1248,312,92,36,0.0288461538461538,0.9118589743589745,0.3647594729511214,True
post_hoc_extension_float32_v4,24,4,1,24300740,1248,312,85,27,0.0216346153846153,0.9126602564102564,0.3717952314607317,True
post_hoc_extension_float32_v4,24,4,2,24300841,1248,312,93,33,0.0264423076923076,0.9158653846153846,0.2940165582009847,True
post_hoc_extension_float32_v4,24,4,3,24300942,1248,312,85,29,0.0232371794871794,0.9190705128205128,0.3317331407852297,True
post_hoc_extension_float32_v4,24,4,4,24301043,1248,312,89,33,0.0264423076923076,0.903846153846154,0.273466099272543,True
post_hoc_extension_float32_v4,24,4,5,24301144,1248,312,90,38,0.0304487179487179,0.9270833333333334,0.2674865551012685,True
post_hoc_extension_float32_v4,24,5,1,24310749,1248,312,94,38,0.0304487179487179,0.905448717948718,0.3546897778864804,True
post_hoc_extension_float32_v4,24,5,2,24310850,1248,312,88,29,0.0232371794871794,0.9110576923076924,0.3538953051100786,True
post_hoc_extension_float32_v4,24,5,3,24310951,1248,312,90,31,0.0248397435897435,0.9158653846153846,0.3334516633484435,True
post_hoc_extension_float32_v4,24,5,4,24311052,1248,312,85,34,0.0272435897435897,0.9158653846153846,0.3203692841214711,True
post_hoc_extension_float32_v4,24,5,5,24311153,1248,312,90,38,0.0304487179487179,0.904647435897436,0.3558798457758442,True
post_hoc_extension_float32_v4,25,1,1,25270716,1248,312,88,32,0.0256410256410256,0.9102564102564102,0.3213089623757239,True
post_hoc_extension_float32_v4,25,1,2,25270817,1248,312,89,29,0.0232371794871794,0.9182692307692308,0.3122586605182909,True
post_hoc_extension_float32_v4,25,1,3,25270918,1248,312,87,31,0.0248397435897435,0.9158653846153846,0.3158734534026191,True
post_hoc_extension_float32_v4,25,1,4,25271019,1248,312,95,40,0.032051282051282,0.907852564102564,0.3387874569440029,True
post_hoc_extension_float32_v4,25,1,5,25271120,1248,312,87,30,0.0240384615384615,0.9158653846153846,0.2827497915116311,True
post_hoc_extension_float32_v4,25,2,1,25280725,1248,312,87,27,0.0216346153846153,0.9238782051282052,0.3283022817113561,True
post_hoc_extension_float32_v4,25,2,2,25280826,1248,312,93,36,0.0288461538461538,0.9102564102564102,0.3459632902748669,True
post_hoc_extension_float32_v4,25,2,3,25280927,1248,312,87,31,0.0248397435897435,0.9190705128205128,0.3223119309405541,True
post_hoc_extension_float32_v4,25,2,4,25281028,1248,312,91,39,0.03125,0.90625,0.3517239470058526,True
post_hoc_extension_float32_v4,25,2,5,25281129,1248,312,89,36,0.0288461538461538,0.9174679487179488,0.2792369015515373,True
post_hoc_extension_float32_v4,25,3,1,25290734,1248,312,90,32,0.0256410256410256,0.9030448717948718,0.3920331491296475,True
post_hoc_extension_float32_v4,25,3,2,25290835,1248,312,87,33,0.0264423076923076,0.9094551282051282,0.2979393414901571,True
post_hoc_extension_float32_v4,25,3,3,25290936,1248,312,90,36,0.0288461538461538,0.907051282051282,0.3126625617061241,True
post_hoc_extension_float32_v4,25,3,4,25291037,1248,312,85,33,0.0264423076923076,0.9166666666666666,0.3861788326626088,True
post_hoc_extension_float32_v4,25,3,5,25291138,1248,312,92,36,0.0288461538461538,0.9030448717948718,0.4012143053297846,True
post_hoc_extension_float32_v4,25,4,1,25300743,1248,312,85,27,0.0216346153846153,0.905448717948718,0.3693987763674643,True
post_hoc_extension_float32_v4,25,4,2,25300844,1248,312,93,33,0.0264423076923076,0.8934294871794872,0.3476880836652152,True
post_hoc_extension_float32_v4,25,4,3,25300945,1248,312,85,29,0.0232371794871794,0.9110576923076924,0.3408227744579361,True
post_hoc_extension_float32_v4,25,4,4,25301046,1248,312,89,33,0.0264423076923076,0.9150641025641024,0.2937619631495582,True
post_hoc_extension_float32_v4,25,4,5,25301147,1248,312,90,38,0.0304487179487179,0.9094551282051282,0.3511628992092686,True
post_hoc_extension_float32_v4,25,5,1,25310752,1248,312,94,38,0.0304487179487179,0.9142628205128204,0.3304416313260607,True
post_hoc_extension_float32_v4,25,5,2,25310853,1248,312,88,29,0.0232371794871794,0.9214743589743588,0.2955893766365289,True
post_hoc_extension_float32_v4,25,5,3,25310954,1248,312,90,31,0.0248397435897435,0.9158653846153846,0.3032333968560536,True
post_hoc_extension_float32_v4,25,5,4,25311055,1248,312,85,34,0.0272435897435897,0.907051282051282,0.3402646479493185,True
post_hoc_extension_float32_v4,25,5,5,25311156,1248,312,90,38,0.0304487179487179,0.9110576923076924,0.2746660308745384,True
post_hoc_extension_float32_v4,26,1,1,26270719,1248,312,88,32,0.0256410256410256,0.9230769230769232,0.2701339807009101,True
post_hoc_extension_float32_v4,26,1,2,26270820,1248,312,89,29,0.0232371794871794,0.9230769230769232,0.2660688984910052,True
post_hoc_extension_float32_v4,26,1,3,26270921,1248,312,87,31,0.0248397435897435,0.9094551282051282,0.3282625584254398,True
post_hoc_extension_float32_v4,26,1,4,26271022,1248,312,95,40,0.032051282051282,0.9022435897435898,0.3219200766483008,True
post_hoc_extension_float32_v4,26,1,5,26271123,1248,312,87,30,0.0240384615384615,0.9166666666666666,0.2850024079662228,True
post_hoc_extension_float32_v4,26,2,1,26280728,1248,312,87,27,0.0216346153846153,0.9142628205128204,0.3322101051222611,True
post_hoc_extension_float32_v4,26,2,2,26280829,1248,312,93,36,0.0288461538461538,0.9134615384615384,0.3120782984457028,True
post_hoc_extension_float32_v4,26,2,3,26280930,1248,312,87,31,0.0248397435897435,0.903846153846154,0.3058248456283506,True
post_hoc_extension_float32_v4,26,2,4,26281031,1248,312,91,39,0.03125,0.9110576923076924,0.3622194703624015,True
post_hoc_extension_float32_v4,26,2,5,26281132,1248,312,89,36,0.0288461538461538,0.9262820512820512,0.2650170256452218,True
post_hoc_extension_float32_v4,26,3,1,26290737,1248,312,90,32,0.0256410256410256,0.9022435897435898,0.3791920734958339,True
post_hoc_extension_float32_v4,26,3,2,26290838,1248,312,87,33,0.0264423076923076,0.903846153846154,0.3405843582146547,True
post_hoc_extension_float32_v4,26,3,3,26290939,1248,312,90,36,0.0288461538461538,0.908653846153846,0.2693631178050481,True
post_hoc_extension_float32_v4,26,3,4,26291040,1248,312,85,33,0.0264423076923076,0.905448717948718,0.3561764678076334,True
post_hoc_extension_float32_v4,26,3,5,26291141,1248,312,92,36,0.0288461538461538,0.9182692307692308,0.3026090465536387,True
post_hoc_extension_float32_v4,26,4,1,26300746,1248,312,85,27,0.0216346153846153,0.9206730769230768,0.3186205744608683,True
post_hoc_extension_float32_v4,26,4,2,26300847,1248,312,93,33,0.0264423076923076,0.9102564102564102,0.2973852142001579,True
post_hoc_extension_float32_v4,26,4,3,26300948,1248,312,85,29,0.0232371794871794,0.903846153846154,0.3830979032948998,True
post_hoc_extension_float32_v4,26,4,4,26301049,1248,312,89,33,0.0264423076923076,0.8966346153846154,0.3724058920992906,True
post_hoc_extension_float32_v4,26,4,5,26301150,1248,312,90,38,0.0304487179487179,0.9166666666666666,0.3408097237248657,True
post_hoc_extension_float32_v4,26,5,1,26310755,1248,312,94,38,0.0304487179487179,0.9118589743589745,0.3283192052041158,True
post_hoc_extension_float32_v4,26,5,2,26310856,1248,312,88,29,0.0232371794871794,0.907051282051282,0.4057815589682283,True
post_hoc_extension_float32_v4,26,5,3,26310957,1248,312,90,31,0.0248397435897435,0.9174679487179488,0.293595000964339,True
post_hoc_extension_float32_v4,26,5,4,26311058,1248,312,85,34,0.0272435897435897,0.903846153846154,0.3123958848839239,True
post_hoc_extension_float32_v4,26,5,5,26311159,1248,312,90,38,0.0304487179487179,0.9158653846153846,0.3206864910270059,True
post_hoc_extension_float32_v4,27,1,1,27270722,1248,312,88,32,0.0256410256410256,0.8926282051282052,0.3310269382793041,True
post_hoc_extension_float32_v4,27,1,2,27270823,1248,312,89,29,0.0232371794871794,0.9150641025641024,0.3325184160607947,True
post_hoc_extension_float32_v4,27,1,3,27270924,1248,312,87,31,0.0248397435897435,0.9206730769230768,0.3629669817937276,True
post_hoc_extension_float32_v4,27,1,4,27271025,1248,312,95,40,0.032051282051282,0.90625,0.3842148551020758,True
post_hoc_extension_float32_v4,27,1,5,27271126,1248,312,87,30,0.0240384615384615,0.9214743589743588,0.3275733057664896,True
post_hoc_extension_float32_v4,27,2,1,27280731,1248,312,87,27,0.0216346153846153,0.9150641025641024,0.3763483197942876,True
post_hoc_extension_float32_v4,27,2,2,27280832,1248,312,93,36,0.0288461538461538,0.9102564102564102,0.2952655368798544,True
post_hoc_extension_float32_v4,27,2,3,27280933,1248,312,87,31,0.0248397435897435,0.9030448717948718,0.3713656427752043,True
post_hoc_extension_float32_v4,27,2,4,27281034,1248,312,91,39,0.03125,0.9110576923076924,0.3225929477543196,True
post_hoc_extension_float32_v4,27,2,5,27281135,1248,312,89,36,0.0288461538461538,0.9142628205128204,0.278979359790212,True
post_hoc_extension_float32_v4,27,3,1,27290740,1248,312,90,32,0.0256410256410256,0.9022435897435898,0.2922522584317104,True
post_hoc_extension_float32_v4,27,3,2,27290841,1248,312,87,33,0.0264423076923076,0.9182692307692308,0.3007918865673345,True
post_hoc_extension_float32_v4,27,3,3,27290942,1248,312,90,36,0.0288461538461538,0.903846153846154,0.3191935451109903,True
post_hoc_extension_float32_v4,27,3,4,27291043,1248,312,85,33,0.0264423076923076,0.9118589743589745,0.349800091278952,True
post_hoc_extension_float32_v4,27,3,5,27291144,1248,312,92,36,0.0288461538461538,0.908653846153846,0.3415312752359174,True
post_hoc_extension_float32_v4,27,4,1,27300749,1248,312,85,27,0.0216346153846153,0.9214743589743588,0.3530502625950482,True
post_hoc_extension_float32_v4,27,4,2,27300850,1248,312,93,33,0.0264423076923076,0.904647435897436,0.3062469669217971,True
post_hoc_extension_float32_v4,27,4,3,27300951,1248,312,85,29,0.0232371794871794,0.9166666666666666,0.3423140818051412,True
post_hoc_extension_float32_v4,27,4,4,27301052,1248,312,89,33,0.0264423076923076,0.9102564102564102,0.2989569187333573,True
post_hoc_extension_float32_v4,27,4,5,27301153,1248,312,90,38,0.0304487179487179,0.9022435897435898,0.3573440396537363,True
post_hoc_extension_float32_v4,27,5,1,27310758,1248,312,94,38,0.0304487179487179,0.9006410256410257,0.3119419651532318,True
post_hoc_extension_float32_v4,27,5,2,27310859,1248,312,88,29,0.0232371794871794,0.9126602564102564,0.3700263906029295,True
post_hoc_extension_float32_v4,27,5,3,27310960,1248,312,90,31,0.0248397435897435,0.905448717948718,0.2841088195037718,True
post_hoc_extension_float32_v4,27,5,4,27311061,1248,312,85,34,0.0272435897435897,0.9126602564102564,0.3175939626910904,True
post_hoc_extension_float32_v4,27,5,5,27311162,1248,312,90,38,0.0304487179487179,0.9118589743589745,0.3314459333882752,True
post_hoc_extension_float32_v4,28,1,1,28270725,1248,312,88,32,0.0256410256410256,0.9118589743589745,0.3073294471444374,True
post_hoc_extension_float32_v4,28,1,2,28270826,1248,312,89,29,0.0232371794871794,0.9198717948717948,0.2980846732554412,True
post_hoc_extension_float32_v4,28,1,3,28270927,1248,312,87,31,0.0248397435897435,0.9126602564102564,0.3771255470265146,True
post_hoc_extension_float32_v4,28,1,4,28271028,1248,312,95,40,0.032051282051282,0.9206730769230768,0.338277272126546,True
post_hoc_extension_float32_v4,28,1,5,28271129,1248,312,87,30,0.0240384615384615,0.9206730769230768,0.2636741933115215,True
post_hoc_extension_float32_v4,28,2,1,28280734,1248,312,87,27,0.0216346153846153,0.9022435897435898,0.3501737535132521,True
post_hoc_extension_float32_v4,28,2,2,28280835,1248,312,93,36,0.0288461538461538,0.9158653846153846,0.3042595265544584,True
post_hoc_extension_float32_v4,28,2,3,28280936,1248,312,87,31,0.0248397435897435,0.9014423076923076,0.373450739541474,True
post_hoc_extension_float32_v4,28,2,4,28281037,1248,312,91,39,0.03125,0.9110576923076924,0.3674893311148143,True
post_hoc_extension_float32_v4,28,2,5,28281138,1248,312,89,36,0.0288461538461538,0.907852564102564,0.2586131181217667,True
post_hoc_extension_float32_v4,28,3,1,28290743,1248,312,90,32,0.0256410256410256,0.9246794871794872,0.3049945832825344,True
post_hoc_extension_float32_v4,28,3,2,28290844,1248,312,87,33,0.0264423076923076,0.9118589743589745,0.3148885372106125,True
post_hoc_extension_float32_v4,28,3,3,28290945,1248,312,90,36,0.0288461538461538,0.9158653846153846,0.2724801909880274,True
post_hoc_extension_float32_v4,28,3,4,28291046,1248,312,85,33,0.0264423076923076,0.9246794871794872,0.3393120345747598,True
post_hoc_extension_float32_v4,28,3,5,28291147,1248,312,92,36,0.0288461538461538,0.9134615384615384,0.3397967662531606,True
post_hoc_extension_float32_v4,28,4,1,28300752,1248,312,85,27,0.0216346153846153,0.9094551282051282,0.3534606262818881,True
post_hoc_extension_float32_v4,28,4,2,28300853,1248,312,93,33,0.0264423076923076,0.904647435897436,0.3051515555430468,True
post_hoc_extension_float32_v4,28,4,3,28300954,1248,312,85,29,0.0232371794871794,0.9110576923076924,0.3191301446151629,True
post_hoc_extension_float32_v4,28,4,4,28301055,1248,312,89,33,0.0264423076923076,0.90625,0.3357258524442322,True
post_hoc_extension_float32_v4,28,4,5,28301156,1248,312,90,38,0.0304487179487179,0.9198717948717948,0.2950395134560207,True
post_hoc_extension_float32_v4,28,5,1,28310761,1248,312,94,38,0.0304487179487179,0.8998397435897436,0.3042913276892753,True
post_hoc_extension_float32_v4,28,5,2,28310862,1248,312,88,29,0.0232371794871794,0.9102564102564102,0.358413338080709,True
post_hoc_extension_float32_v4,28,5,3,28310963,1248,312,90,31,0.0248397435897435,0.9030448717948718,0.3060831803625075,True
post_hoc_extension_float32_v4,28,5,4,28311064,1248,312,85,34,0.0272435897435897,0.9134615384615384,0.2993497543353365,True
post_hoc_extension_float32_v4,28,5,5,28311165,1248,312,90,38,0.0304487179487179,0.9022435897435898,0.3039062436947629,True
post_hoc_extension_float32_v4,29,1,1,29270728,1248,312,88,32,0.0256410256410256,0.9110576923076924,0.3188765978748401,True
post_hoc_extension_float32_v4,29,1,2,29270829,1248,312,89,29,0.0232371794871794,0.9278846153846154,0.2809103749254477,True
post_hoc_extension_float32_v4,29,1,3,29270930,1248,312,87,31,0.0248397435897435,0.9006410256410257,0.3331559265562497,True
post_hoc_extension_float32_v4,29,1,4,29271031,1248,312,95,40,0.032051282051282,0.905448717948718,0.3699182813324252,True
post_hoc_extension_float32_v4,29,1,5,29271132,1248,312,87,30,0.0240384615384615,0.9150641025641024,0.3227191063510635,True
post_hoc_extension_float32_v4,29,2,1,29280737,1248,312,87,27,0.0216346153846153,0.9102564102564102,0.3873780889872103,True
post_hoc_extension_float32_v4,29,2,2,29280838,1248,312,93,36,0.0288461538461538,0.9094551282051282,0.3229180506224354,True
post_hoc_extension_float32_v4,29,2,3,29280939,1248,312,87,31,0.0248397435897435,0.9206730769230768,0.3469128750447494,True
post_hoc_extension_float32_v4,29,2,4,29281040,1248,312,91,39,0.03125,0.907051282051282,0.3552631799249532,True
post_hoc_extension_float32_v4,29,2,5,29281141,1248,312,89,36,0.0288461538461538,0.9166666666666666,0.2800704994160509,True
post_hoc_extension_float32_v4,29,3,1,29290746,1248,312,90,32,0.0256410256410256,0.907051282051282,0.3413862522321487,True
post_hoc_extension_float32_v4,29,3,2,29290847,1248,312,87,33,0.0264423076923076,0.9158653846153846,0.3247777902237398,True
post_hoc_extension_float32_v4,29,3,3,29290948,1248,312,90,36,0.0288461538461538,0.9102564102564102,0.2946392905018214,True
post_hoc_extension_float32_v4,29,3,4,29291049,1248,312,85,33,0.0264423076923076,0.9166666666666666,0.3339567944297473,True
post_hoc_extension_float32_v4,29,3,5,29291150,1248,312,92,36,0.0288461538461538,0.9134615384615384,0.3506188148936131,True
post_hoc_extension_float32_v4,29,4,1,29300755,1248,312,85,27,0.0216346153846153,0.9110576923076924,0.3556577537523658,True
post_hoc_extension_float32_v4,29,4,2,29300856,1248,312,93,33,0.0264423076923076,0.9166666666666666,0.2934745532522634,True
post_hoc_extension_float32_v4,29,4,3,29300957,1248,312,85,29,0.0232371794871794,0.9110576923076924,0.3383937727938479,True
post_hoc_extension_float32_v4,29,4,4,29301058,1248,312,89,33,0.0264423076923076,0.9134615384615384,0.2516844744368403,True
post_hoc_extension_float32_v4,29,4,5,29301159,1248,312,90,38,0.0304487179487179,0.9254807692307692,0.3530131029463531,True
post_hoc_extension_float32_v4,29,5,1,29310764,1248,312,94,38,0.0304487179487179,0.8998397435897436,0.2958028899930602,True
post_hoc_extension_float32_v4,29,5,2,29310865,1248,312,88,29,0.0232371794871794,0.9030448717948718,0.3983020004507967,True
post_hoc_extension_float32_v4,29,5,3,29310966,1248,312,90,31,0.0248397435897435,0.9118589743589745,0.3290781244530393,True
post_hoc_extension_float32_v4,29,5,4,29311067,1248,312,85,34,0.0272435897435897,0.9150641025641024,0.3223291895805082,True
post_hoc_extension_float32_v4,29,5,5,29311168,1248,312,90,38,0.0304487179487179,0.9142628205128204,0.3159576582937519,True
post_hoc_extension_float32_v4,30,1,1,30270731,1248,312,88,32,0.0256410256410256,0.9022435897435898,0.3178246034249633,True
post_hoc_extension_float32_v4,30,1,2,30270832,1248,312,89,29,0.0232371794871794,0.9102564102564102,0.3232224355969904,True
post_hoc_extension_float32_v4,30,1,3,30270933,1248,312,87,31,0.0248397435897435,0.903846153846154,0.3813294322923959,True
post_hoc_extension_float32_v4,30,1,4,30271034,1248,312,95,40,0.032051282051282,0.9110576923076924,0.3366687671530694,True
post_hoc_extension_float32_v4,30,1,5,30271135,1248,312,87,30,0.0240384615384615,0.9166666666666666,0.2709844078687328,True
post_hoc_extension_float32_v4,30,2,1,30280740,1248,312,87,27,0.0216346153846153,0.9158653846153846,0.3538458177940757,True
post_hoc_extension_float32_v4,30,2,2,30280841,1248,312,93,36,0.0288461538461538,0.9222756410256412,0.3196350931646871,True
post_hoc_extension_float32_v4,30,2,3,30280942,1248,312,87,31,0.0248397435897435,0.9022435897435898,0.3513082662597629,True
post_hoc_extension_float32_v4,30,2,4,30281043,1248,312,91,39,0.03125,0.9126602564102564,0.3525787883692616,True
post_hoc_extension_float32_v4,30,2,5,30281144,1248,312,89,36,0.0288461538461538,0.90625,0.3010344235239466,True
post_hoc_extension_float32_v4,30,3,1,30290749,1248,312,90,32,0.0256410256410256,0.90625,0.369185391384261,True
post_hoc_extension_float32_v4,30,3,2,30290850,1248,312,87,33,0.0264423076923076,0.908653846153846,0.2807129003435863,True
post_hoc_extension_float32_v4,30,3,3,30290951,1248,312,90,36,0.0288461538461538,0.9102564102564102,0.2838416995166087,True
post_hoc_extension_float32_v4,30,3,4,30291052,1248,312,85,33,0.0264423076923076,0.9238782051282052,0.3408384654117478,True
post_hoc_extension_float32_v4,30,3,5,30291153,1248,312,92,36,0.0288461538461538,0.9174679487179488,0.3625198176084784,True
post_hoc_extension_float32_v4,30,4,1,30300758,1248,312,85,27,0.0216346153846153,0.9094551282051282,0.3953507024199262,True
post_hoc_extension_float32_v4,30,4,2,30300859,1248,312,93,33,0.0264423076923076,0.9190705128205128,0.2976255247326763,True
post_hoc_extension_float32_v4,30,4,3,30300960,1248,312,85,29,0.0232371794871794,0.9238782051282052,0.3239352402337295,True
post_hoc_extension_float32_v4,30,4,4,30301061,1248,312,89,33,0.0264423076923076,0.9158653846153846,0.3182223106324611,True
post_hoc_extension_float32_v4,30,4,5,30301162,1248,312,90,38,0.0304487179487179,0.9182692307692308,0.2846668218760743,True
post_hoc_extension_float32_v4,30,5,1,30310767,1248,312,94,38,0.0304487179487179,0.908653846153846,0.3298645544140549,True
post_hoc_extension_float32_v4,30,5,2,30310868,1248,312,88,29,0.0232371794871794,0.9166666666666666,0.3766653239956318,True
post_hoc_extension_float32_v4,30,5,3,30310969,1248,312,90,31,0.0248397435897435,0.9150641025641024,0.3243678848282093,True
post_hoc_extension_float32_v4,30,5,4,30311070,1248,312,85,34,0.0272435897435897,0.9102564102564102,0.3378644210064569,True
post_hoc_extension_float32_v4,30,5,5,30311171,1248,312,90,38,0.0304487179487179,0.90625,0.3536240221989793,True
post_hoc_extension_float32_v4,31,1,1,31270734,1248,312,88,32,0.0256410256410256,0.9150641025641024,0.326241486219222,True
post_hoc_extension_float32_v4,31,1,2,31270835,1248,312,89,29,0.0232371794871794,0.9174679487179488,0.32694671844302,True
post_hoc_extension_float32_v4,31,1,3,31270936,1248,312,87,31,0.0248397435897435,0.90625,0.3283929404145509,True
post_hoc_extension_float32_v4,31,1,4,31271037,1248,312,95,40,0.032051282051282,0.9022435897435898,0.3493113485762705,True
post_hoc_extension_float32_v4,31,1,5,31271138,1248,312,87,30,0.0240384615384615,0.9014423076923076,0.3540481382517861,True
post_hoc_extension_float32_v4,31,2,1,31280743,1248,312,87,27,0.0216346153846153,0.908653846153846,0.4028428476104359,True
post_hoc_extension_float32_v4,31,2,2,31280844,1248,312,93,36,0.0288461538461538,0.9102564102564102,0.3270311669956962,True
post_hoc_extension_float32_v4,31,2,3,31280945,1248,312,87,31,0.0248397435897435,0.9142628205128204,0.3592940274314832,True
post_hoc_extension_float32_v4,31,2,4,31281046,1248,312,91,39,0.03125,0.9174679487179488,0.3553624673535648,True
post_hoc_extension_float32_v4,31,2,5,31281147,1248,312,89,36,0.0288461538461538,0.9014423076923076,0.2949743074635756,True
post_hoc_extension_float32_v4,31,3,1,31290752,1248,312,90,32,0.0256410256410256,0.8998397435897436,0.3396649629325746,True
post_hoc_extension_float32_v4,31,3,2,31290853,1248,312,87,33,0.0264423076923076,0.9166666666666666,0.291031109974338,True
post_hoc_extension_float32_v4,31,3,3,31290954,1248,312,90,36,0.0288461538461538,0.9150641025641024,0.2789756539626821,True
post_hoc_extension_float32_v4,31,3,4,31291055,1248,312,85,33,0.0264423076923076,0.9222756410256412,0.2633924431341527,True
post_hoc_extension_float32_v4,31,3,5,31291156,1248,312,92,36,0.0288461538461538,0.9134615384615384,0.3101936562509819,True
post_hoc_extension_float32_v4,31,4,1,31300761,1248,312,85,27,0.0216346153846153,0.9174679487179488,0.3712072524113247,True
post_hoc_extension_float32_v4,31,4,2,31300862,1248,312,93,33,0.0264423076923076,0.9118589743589745,0.293156580209324,True
post_hoc_extension_float32_v4,31,4,3,31300963,1248,312,85,29,0.0232371794871794,0.9238782051282052,0.3236553793417077,True
post_hoc_extension_float32_v4,31,4,4,31301064,1248,312,89,33,0.0264423076923076,0.9110576923076924,0.2735061286191707,True
post_hoc_extension_float32_v4,31,4,5,31301165,1248,312,90,38,0.0304487179487179,0.9246794871794872,0.3350939194067757,True
post_hoc_extension_float32_v4,31,5,1,31310770,1248,312,94,38,0.0304487179487179,0.9030448717948718,0.3440492732916106,True
post_hoc_extension_float32_v4,31,5,2,31310871,1248,312,88,29,0.0232371794871794,0.9094551282051282,0.3271769354990508,True
post_hoc_extension_float32_v4,31,5,3,31310972,1248,312,90,31,0.0248397435897435,0.9110576923076924,0.313978059997319,True
post_hoc_extension_float32_v4,31,5,4,31311073,1248,312,85,34,0.0272435897435897,0.9206730769230768,0.3349348424227992,True
post_hoc_extension_float32_v4,31,5,5,31311174,1248,312,90,38,0.0304487179487179,0.9014423076923076,0.3576511024239305,True
post_hoc_extension_float32_v4,32,1,1,32270737,1248,312,88,32,0.0256410256410256,0.9174679487179488,0.2468420534307767,True
post_hoc_extension_float32_v4,32,1,2,32270838,1248,312,89,29,0.0232371794871794,0.908653846153846,0.3545231468822554,True
post_hoc_extension_float32_v4,32,1,3,32270939,1248,312,87,31,0.0248397435897435,0.9030448717948718,0.3630889829391093,True
post_hoc_extension_float32_v4,32,1,4,32271040,1248,312,95,40,0.032051282051282,0.9126602564102564,0.3415252658927039,True
post_hoc_extension_float32_v4,32,1,5,32271141,1248,312,87,30,0.0240384615384615,0.9158653846153846,0.31112090751835,True
post_hoc_extension_float32_v4,32,2,1,32280746,1248,312,87,27,0.0216346153846153,0.908653846153846,0.3719592481835472,True
post_hoc_extension_float32_v4,32,2,2,32280847,1248,312,93,36,0.0288461538461538,0.8974358974358975,0.3575663767198135,True
post_hoc_extension_float32_v4,32,2,3,32280948,1248,312,87,31,0.0248397435897435,0.907051282051282,0.3637497726134671,True
post_hoc_extension_float32_v4,32,2,4,32281049,1248,312,91,39,0.03125,0.903846153846154,0.3735245974416393,True
post_hoc_extension_float32_v4,32,2,5,32281150,1248,312,89,36,0.0288461538461538,0.9190705128205128,0.2757125037598317,True
post_hoc_extension_float32_v4,32,3,1,32290755,1248,312,90,32,0.0256410256410256,0.9022435897435898,0.2971870905015861,True
post_hoc_extension_float32_v4,32,3,2,32290856,1248,312,87,33,0.0264423076923076,0.9150641025641024,0.307412359021657,True
post_hoc_extension_float32_v4,32,3,3,32290957,1248,312,90,36,0.0288461538461538,0.9094551282051282,0.2682826684570378,True
post_hoc_extension_float32_v4,32,3,4,32291058,1248,312,85,33,0.0264423076923076,0.9166666666666666,0.3139858478218487,True
post_hoc_extension_float32_v4,32,3,5,32291159,1248,312,92,36,0.0288461538461538,0.9174679487179488,0.3508324299698088,True
post_hoc_extension_float32_v4,32,4,1,32300764,1248,312,85,27,0.0216346153846153,0.9094551282051282,0.3374830198188164,True
post_hoc_extension_float32_v4,32,4,2,32300865,1248,312,93,33,0.0264423076923076,0.8958333333333334,0.284993440916689,True
post_hoc_extension_float32_v4,32,4,3,32300966,1248,312,85,29,0.0232371794871794,0.9022435897435898,0.3726041090431752,True
post_hoc_extension_float32_v4,32,4,4,32301067,1248,312,89,33,0.0264423076923076,0.9134615384615384,0.3372737812623911,True
post_hoc_extension_float32_v4,32,4,5,32301168,1248,312,90,38,0.0304487179487179,0.9158653846153846,0.3556407945757006,True
post_hoc_extension_float32_v4,32,5,1,32310773,1248,312,94,38,0.0304487179487179,0.9110576923076924,0.3316395417234988,True
post_hoc_extension_float32_v4,32,5,2,32310874,1248,312,88,29,0.0232371794871794,0.9118589743589745,0.4016539550229314,True
post_hoc_extension_float32_v4,32,5,3,32310975,1248,312,90,31,0.0248397435897435,0.9094551282051282,0.3617442476394849,True
post_hoc_extension_float32_v4,32,5,4,32311076,1248,312,85,34,0.0272435897435897,0.9294871794871796,0.3155923656504045,True
post_hoc_extension_float32_v4,32,5,5,32311177,1248,312,90,38,0.0304487179487179,0.9006410256410257,0.3062524716116285,True
post_hoc_extension_float32_v4,33,1,1,33270740,1248,312,88,32,0.0256410256410256,0.9094551282051282,0.3329869839749422,True
post_hoc_extension_float32_v4,33,1,2,33270841,1248,312,89,29,0.0232371794871794,0.9182692307692308,0.3106703817856769,True
post_hoc_extension_float32_v4,33,1,3,33270942,1248,312,87,31,0.0248397435897435,0.9254807692307692,0.3432665848130716,True
post_hoc_extension_float32_v4,33,1,4,33271043,1248,312,95,40,0.032051282051282,0.904647435897436,0.3759111803190734,True
post_hoc_extension_float32_v4,33,1,5,33271144,1248,312,87,30,0.0240384615384615,0.9150641025641024,0.3167831712674428,True
post_hoc_extension_float32_v4,33,2,1,33280749,1248,312,87,27,0.0216346153846153,0.9214743589743588,0.3485182282683376,True
post_hoc_extension_float32_v4,33,2,2,33280850,1248,312,93,36,0.0288461538461538,0.908653846153846,0.3293792189554232,True
post_hoc_extension_float32_v4,33,2,3,33280951,1248,312,87,31,0.0248397435897435,0.90625,0.3448587116322292,True
post_hoc_extension_float32_v4,33,2,4,33281052,1248,312,91,39,0.03125,0.9022435897435898,0.3306744292311848,True
post_hoc_extension_float32_v4,33,2,5,33281153,1248,312,89,36,0.0288461538461538,0.9222756410256412,0.2717186037851676,True
post_hoc_extension_float32_v4,33,3,1,33290758,1248,312,90,32,0.0256410256410256,0.904647435897436,0.3884921622365594,True
post_hoc_extension_float32_v4,33,3,2,33290859,1248,312,87,33,0.0264423076923076,0.907852564102564,0.3005350011549987,True
post_hoc_extension_float32_v4,33,3,3,33290960,1248,312,90,36,0.0288461538461538,0.908653846153846,0.2800430578800268,True
post_hoc_extension_float32_v4,33,3,4,33291061,1248,312,85,33,0.0264423076923076,0.9150641025641024,0.3587466528121003,True
post_hoc_extension_float32_v4,33,3,5,33291162,1248,312,92,36,0.0288461538461538,0.905448717948718,0.3493751713870308,True
post_hoc_extension_float32_v4,33,4,1,33300767,1248,312,85,27,0.0216346153846153,0.90625,0.3410723131569934,True
post_hoc_extension_float32_v4,33,4,2,33300868,1248,312,93,33,0.0264423076923076,0.9102564102564102,0.2939556471949482,True
post_hoc_extension_float32_v4,33,4,3,33300969,1248,312,85,29,0.0232371794871794,0.9126602564102564,0.329764919361823,True
post_hoc_extension_float32_v4,33,4,4,33301070,1248,312,89,33,0.0264423076923076,0.9142628205128204,0.2711212972559342,True
post_hoc_extension_float32_v4,33,4,5,33301171,1248,312,90,38,0.0304487179487179,0.9222756410256412,0.3604333894469962,True
post_hoc_extension_float32_v4,33,5,1,33310776,1248,312,94,38,0.0304487179487179,0.8934294871794872,0.3456623003779389,True
post_hoc_extension_float32_v4,33,5,2,33310877,1248,312,88,29,0.0232371794871794,0.9102564102564102,0.3663760640992983,True
post_hoc_extension_float32_v4,33,5,3,33310978,1248,312,90,31,0.0248397435897435,0.9102564102564102,0.3454390222674905,True
post_hoc_extension_float32_v4,33,5,4,33311079,1248,312,85,34,0.0272435897435897,0.9150641025641024,0.3071554634728776,True
post_hoc_extension_float32_v4,33,5,5,33311180,1248,312,90,38,0.0304487179487179,0.9142628205128204,0.3192075774351021,True
post_hoc_extension_float32_v4,34,1,1,34270743,1248,312,88,32,0.0256410256410256,0.90625,0.3013429652590424,True
post_hoc_extension_float32_v4,34,1,2,34270844,1248,312,89,29,0.0232371794871794,0.9278846153846154,0.3457341801621737,True
post_hoc_extension_float32_v4,34,1,3,34270945,1248,312,87,31,0.0248397435897435,0.9094551282051282,0.3629141969653316,True
post_hoc_extension_float32_v4,34,1,4,34271046,1248,312,95,40,0.032051282051282,0.9134615384615384,0.4111829753355276,True
post_hoc_extension_float32_v4,34,1,5,34271147,1248,312,87,30,0.0240384615384615,0.9150641025641024,0.2639963812515356,True
post_hoc_extension_float32_v4,34,2,1,34280752,1248,312,87,27,0.0216346153846153,0.9182692307692308,0.3534419056297154,True
post_hoc_extension_float32_v4,34,2,2,34280853,1248,312,93,36,0.0288461538461538,0.9158653846153846,0.3556507162840172,True
post_hoc_extension_float32_v4,34,2,3,34280954,1248,312,87,31,0.0248397435897435,0.9142628205128204,0.3456077185354066,True
post_hoc_extension_float32_v4,34,2,4,34281055,1248,312,91,39,0.03125,0.9142628205128204,0.3325432606909498,True
post_hoc_extension_float32_v4,34,2,5,34281156,1248,312,89,36,0.0288461538461538,0.9206730769230768,0.2611738326229902,True
post_hoc_extension_float32_v4,34,3,1,34290761,1248,312,90,32,0.0256410256410256,0.9158653846153846,0.3620088303656578,True
post_hoc_extension_float32_v4,34,3,2,34290862,1248,312,87,33,0.0264423076923076,0.903846153846154,0.301314873061023,True
post_hoc_extension_float32_v4,34,3,3,34290963,1248,312,90,36,0.0288461538461538,0.9190705128205128,0.2818790034110968,True
post_hoc_extension_float32_v4,34,3,4,34291064,1248,312,85,33,0.0264423076923076,0.9150641025641024,0.3443078260196865,True
post_hoc_extension_float32_v4,34,3,5,34291165,1248,312,92,36,0.0288461538461538,0.9134615384615384,0.3544692047792771,True
post_hoc_extension_float32_v4,34,4,1,34300770,1248,312,85,27,0.0216346153846153,0.903846153846154,0.3576389125892053,True
post_hoc_extension_float32_v4,34,4,2,34300871,1248,312,93,33,0.0264423076923076,0.9022435897435898,0.3114124908585745,True
post_hoc_extension_float32_v4,34,4,3,34300972,1248,312,85,29,0.0232371794871794,0.9206730769230768,0.3257006312848692,True
post_hoc_extension_float32_v4,34,4,4,34301073,1248,312,89,33,0.0264423076923076,0.903846153846154,0.3091094922791286,True
post_hoc_extension_float32_v4,34,4,5,34301174,1248,312,90,38,0.0304487179487179,0.9150641025641024,0.2967468399744912,True
post_hoc_extension_float32_v4,34,5,1,34310779,1248,312,94,38,0.0304487179487179,0.907852564102564,0.3514820631282376,True
post_hoc_extension_float32_v4,34,5,2,34310880,1248,312,88,29,0.0232371794871794,0.8966346153846154,0.4435080473868195,True
post_hoc_extension_float32_v4,34,5,3,34310981,1248,312,90,31,0.0248397435897435,0.9214743589743588,0.34213186552346,True
post_hoc_extension_float32_v4,34,5,4,34311082,1248,312,85,34,0.0272435897435897,0.9246794871794872,0.3240397194750991,True
post_hoc_extension_float32_v4,34,5,5,34311183,1248,312,90,38,0.0304487179487179,0.9126602564102564,0.3180983938224385,True
post_hoc_extension_float32_v4,35,1,1,35270746,1248,312,88,32,0.0256410256410256,0.9126602564102564,0.3112985854255813,True
post_hoc_extension_float32_v4,35,1,2,35270847,1248,312,89,29,0.0232371794871794,0.9238782051282052,0.2711646908436203,True
post_hoc_extension_float32_v4,35,1,3,35270948,1248,312,87,31,0.0248397435897435,0.9030448717948718,0.323813440175844,True
post_hoc_extension_float32_v4,35,1,4,35271049,1248,312,95,40,0.032051282051282,0.9110576923076924,0.336263658593198,True
post_hoc_extension_float32_v4,35,1,5,35271150,1248,312,87,30,0.0240384615384615,0.9206730769230768,0.2738461154094267,True
post_hoc_extension_float32_v4,35,2,1,35280755,1248,312,87,27,0.0216346153846153,0.9270833333333334,0.3513883002835229,True
post_hoc_extension_float32_v4,35,2,2,35280856,1248,312,93,36,0.0288461538461538,0.903846153846154,0.3707864721072809,True
post_hoc_extension_float32_v4,35,2,3,35280957,1248,312,87,31,0.0248397435897435,0.9094551282051282,0.3872650003395408,True
post_hoc_extension_float32_v4,35,2,4,35281058,1248,312,91,39,0.03125,0.9006410256410257,0.3009822465141854,True
post_hoc_extension_float32_v4,35,2,5,35281159,1248,312,89,36,0.0288461538461538,0.9142628205128204,0.2838461841167748,True
post_hoc_extension_float32_v4,35,3,1,35290764,1248,312,90,32,0.0256410256410256,0.9118589743589745,0.3733402532463845,True
post_hoc_extension_float32_v4,35,3,2,35290865,1248,312,87,33,0.0264423076923076,0.9126602564102564,0.2969373892852473,True
post_hoc_extension_float32_v4,35,3,3,35290966,1248,312,90,36,0.0288461538461538,0.904647435897436,0.2739713718431749,True
post_hoc_extension_float32_v4,35,3,4,35291067,1248,312,85,33,0.0264423076923076,0.9270833333333334,0.3545152029060661,True
post_hoc_extension_float32_v4,35,3,5,35291168,1248,312,92,36,0.0288461538461538,0.9198717948717948,0.3491241376002048,True
post_hoc_extension_float32_v4,35,4,1,35300773,1248,312,85,27,0.0216346153846153,0.9094551282051282,0.3598456694445452,True
post_hoc_extension_float32_v4,35,4,2,35300874,1248,312,93,33,0.0264423076923076,0.907051282051282,0.2878924063023268,True
post_hoc_extension_float32_v4,35,4,3,35300975,1248,312,85,29,0.0232371794871794,0.9198717948717948,0.3440027495389062,True
post_hoc_extension_float32_v4,35,4,4,35301076,1248,312,89,33,0.0264423076923076,0.90625,0.3200879470044183,True
post_hoc_extension_float32_v4,35,4,5,35301177,1248,312,90,38,0.0304487179487179,0.9198717948717948,0.3817243091138664,True
post_hoc_extension_float32_v4,35,5,1,35310782,1248,312,94,38,0.0304487179487179,0.907051282051282,0.3079053661255982,True
post_hoc_extension_float32_v4,35,5,2,35310883,1248,312,88,29,0.0232371794871794,0.908653846153846,0.3948478336396409,True
post_hoc_extension_float32_v4,35,5,3,35310984,1248,312,90,31,0.0248397435897435,0.9158653846153846,0.3686562738348587,True
post_hoc_extension_float32_v4,35,5,4,35311085,1248,312,85,34,0.0272435897435897,0.9118589743589745,0.3614545728040594,True
post_hoc_extension_float32_v4,35,5,5,35311186,1248,312,90,38,0.0304487179487179,0.9214743589743588,0.2987398572036048,True
post_hoc_extension_float32_v4,36,1,1,36270749,1248,312,88,32,0.0256410256410256,0.9094551282051282,0.3444590932906594,True
post_hoc_extension_float32_v4,36,1,2,36270850,1248,312,89,29,0.0232371794871794,0.9166666666666666,0.2976043053135562,True
post_hoc_extension_float32_v4,36,1,3,36270951,1248,312,87,31,0.0248397435897435,0.9110576923076924,0.3524414068909454,True
post_hoc_extension_float32_v4,36,1,4,36271052,1248,312,95,40,0.032051282051282,0.9014423076923076,0.3496838912071903,True
post_hoc_extension_float32_v4,36,1,5,36271153,1248,312,87,30,0.0240384615384615,0.907852564102564,0.3224817327504189,True
post_hoc_extension_float32_v4,36,2,1,36280758,1248,312,87,27,0.0216346153846153,0.908653846153846,0.3511085432061548,True
post_hoc_extension_float32_v4,36,2,2,36280859,1248,312,93,36,0.0288461538461538,0.907051282051282,0.3592188918770587,True
post_hoc_extension_float32_v4,36,2,3,36280960,1248,312,87,31,0.0248397435897435,0.9230769230769232,0.2775847272562375,True
post_hoc_extension_float32_v4,36,2,4,36281061,1248,312,91,39,0.03125,0.9190705128205128,0.2870763390154309,True
post_hoc_extension_float32_v4,36,2,5,36281162,1248,312,89,36,0.0288461538461538,0.9182692307692308,0.2888991017964933,True
post_hoc_extension_float32_v4,36,3,1,36290767,1248,312,90,32,0.0256410256410256,0.905448717948718,0.3499713580104512,True
post_hoc_extension_float32_v4,36,3,2,36290868,1248,312,87,33,0.0264423076923076,0.90625,0.2894396885589974,True
post_hoc_extension_float32_v4,36,3,3,36290969,1248,312,90,36,0.0288461538461538,0.908653846153846,0.2778262847538419,True
post_hoc_extension_float32_v4,36,3,4,36291070,1248,312,85,33,0.0264423076923076,0.9254807692307692,0.3540978154925531,True
post_hoc_extension_float32_v4,36,3,5,36291171,1248,312,92,36,0.0288461538461538,0.9118589743589745,0.3521338501163366,True
post_hoc_extension_float32_v4,36,4,1,36300776,1248,312,85,27,0.0216346153846153,0.90625,0.370147312015478,True
post_hoc_extension_float32_v4,36,4,2,36300877,1248,312,93,33,0.0264423076923076,0.907051282051282,0.2503172147812537,True
post_hoc_extension_float32_v4,36,4,3,36300978,1248,312,85,29,0.0232371794871794,0.9182692307692308,0.3253982724032324,True
post_hoc_extension_float32_v4,36,4,4,36301079,1248,312,89,33,0.0264423076923076,0.9110576923076924,0.3001730022846547,True
post_hoc_extension_float32_v4,36,4,5,36301180,1248,312,90,38,0.0304487179487179,0.9142628205128204,0.2942125607951831,True
post_hoc_extension_float32_v4,36,5,1,36310785,1248,312,94,38,0.0304487179487179,0.9022435897435898,0.3329054547366428,True
post_hoc_extension_float32_v4,36,5,2,36310886,1248,312,88,29,0.0232371794871794,0.9134615384615384,0.3748398636070167,True
post_hoc_extension_float32_v4,36,5,3,36310987,1248,312,90,31,0.0248397435897435,0.9006410256410257,0.3701114696705112,True
post_hoc_extension_float32_v4,36,5,4,36311088,1248,312,85,34,0.0272435897435897,0.9126602564102564,0.355882384760729,True
post_hoc_extension_float32_v4,36,5,5,36311189,1248,312,90,38,0.0304487179487179,0.9238782051282052,0.284803435838511,True
post_hoc_extension_float32_v4,37,1,1,37270752,1248,312,88,32,0.0256410256410256,0.9254807692307692,0.3244392874954285,True
post_hoc_extension_float32_v4,37,1,2,37270853,1248,312,89,29,0.0232371794871794,0.9206730769230768,0.3368783785296104,True
post_hoc_extension_float32_v4,37,1,3,37270954,1248,312,87,31,0.0248397435897435,0.904647435897436,0.3538392282419709,True
post_hoc_extension_float32_v4,37,1,4,37271055,1248,312,95,40,0.032051282051282,0.8910256410256411,0.3288148636971353,True
post_hoc_extension_float32_v4,37,1,5,37271156,1248,312,87,30,0.0240384615384615,0.9118589743589745,0.3284183199455899,True
post_hoc_extension_float32_v4,37,2,1,37280761,1248,312,87,27,0.0216346153846153,0.9126602564102564,0.4248597037212094,True
post_hoc_extension_float32_v4,37,2,2,37280862,1248,312,93,36,0.0288461538461538,0.9102564102564102,0.2932421274457558,True
post_hoc_extension_float32_v4,37,2,3,37280963,1248,312,87,31,0.0248397435897435,0.9126602564102564,0.3394418430203709,True
post_hoc_extension_float32_v4,37,2,4,37281064,1248,312,91,39,0.03125,0.8910256410256411,0.3452960017635303,True
post_hoc_extension_float32_v4,37,2,5,37281165,1248,312,89,36,0.0288461538461538,0.907051282051282,0.3077974078288985,True
post_hoc_extension_float32_v4,37,3,1,37290770,1248,312,90,32,0.0256410256410256,0.907852564102564,0.3859438448808004,True
post_hoc_extension_float32_v4,37,3,2,37290871,1248,312,87,33,0.0264423076923076,0.9118589743589745,0.321973317927237,True
post_hoc_extension_float32_v4,37,3,3,37290972,1248,312,90,36,0.0288461538461538,0.9278846153846154,0.2674841244388606,True
post_hoc_extension_float32_v4,37,3,4,37291073,1248,312,85,33,0.0264423076923076,0.9206730769230768,0.3262124267769365,True
post_hoc_extension_float32_v4,37,3,5,37291174,1248,312,92,36,0.0288461538461538,0.9094551282051282,0.3522000623745773,True
post_hoc_extension_float32_v4,37,4,1,37300779,1248,312,85,27,0.0216346153846153,0.9094551282051282,0.3550142505179648,True
post_hoc_extension_float32_v4,37,4,2,37300880,1248,312,93,33,0.0264423076923076,0.8990384615384616,0.3173899071567294,True
post_hoc_extension_float32_v4,37,4,3,37300981,1248,312,85,29,0.0232371794871794,0.9150641025641024,0.3417906744368646,True
post_hoc_extension_float32_v4,37,4,4,37301082,1248,312,89,33,0.0264423076923076,0.9110576923076924,0.311290496544911,True
post_hoc_extension_float32_v4,37,4,5,37301183,1248,312,90,38,0.0304487179487179,0.9134615384615384,0.3469248192425589,True
post_hoc_extension_float32_v4,37,5,1,37310788,1248,312,94,38,0.0304487179487179,0.9030448717948718,0.2749326017555475,True
post_hoc_extension_float32_v4,37,5,2,37310889,1248,312,88,29,0.0232371794871794,0.9142628205128204,0.35660136543451,True
post_hoc_extension_float32_v4,37,5,3,37310990,1248,312,90,31,0.0248397435897435,0.9198717948717948,0.2866231307344897,True
post_hoc_extension_float32_v4,37,5,4,37311091,1248,312,85,34,0.0272435897435897,0.9102564102564102,0.3445575616876584,True
post_hoc_extension_float32_v4,37,5,5,37311192,1248,312,90,38,0.0304487179487179,0.907852564102564,0.3170013789439334,True
post_hoc_extension_float32_v4,38,1,1,38270755,1248,312,88,32,0.0256410256410256,0.9206730769230768,0.2868833004357676,True
post_hoc_extension_float32_v4,38,1,2,38270856,1248,312,89,29,0.0232371794871794,0.9102564102564102,0.3276665829509151,True
post_hoc_extension_float32_v4,38,1,3,38270957,1248,312,87,31,0.0248397435897435,0.9134615384615384,0.3746690411873036,True
post_hoc_extension_float32_v4,38,1,4,38271058,1248,312,95,40,0.032051282051282,0.8974358974358975,0.3464044240817281,True
post_hoc_extension_float32_v4,38,1,5,38271159,1248,312,87,30,0.0240384615384615,0.9110576923076924,0.36292580198674,True
post_hoc_extension_float32_v4,38,2,1,38280764,1248,312,87,27,0.0216346153846153,0.9142628205128204,0.3962708987612275,True
post_hoc_extension_float32_v4,38,2,2,38280865,1248,312,93,36,0.0288461538461538,0.90625,0.3120556483996808,True
post_hoc_extension_float32_v4,38,2,3,38280966,1248,312,87,31,0.0248397435897435,0.9094551282051282,0.3693334400778971,True
post_hoc_extension_float32_v4,38,2,4,38281067,1248,312,91,39,0.03125,0.907852564102564,0.3365390454528375,True
post_hoc_extension_float32_v4,38,2,5,38281168,1248,312,89,36,0.0288461538461538,0.9102564102564102,0.2905294647717298,True
post_hoc_extension_float32_v4,38,3,1,38290773,1248,312,90,32,0.0256410256410256,0.9142628205128204,0.3123218104735081,True
post_hoc_extension_float32_v4,38,3,2,38290874,1248,312,87,33,0.0264423076923076,0.9182692307692308,0.2774739510247087,True
post_hoc_extension_float32_v4,38,3,3,38290975,1248,312,90,36,0.0288461538461538,0.9150641025641024,0.2869827911687214,True
post_hoc_extension_float32_v4,38,3,4,38291076,1248,312,85,33,0.0264423076923076,0.9150641025641024,0.3569145161476058,True
post_hoc_extension_float32_v4,38,3,5,38291177,1248,312,92,36,0.0288461538461538,0.9118589743589745,0.3403395402757427,True
post_hoc_extension_float32_v4,38,4,1,38300782,1248,312,85,27,0.0216346153846153,0.9126602564102564,0.3613235258693159,True
post_hoc_extension_float32_v4,38,4,2,38300883,1248,312,93,33,0.0264423076923076,0.904647435897436,0.2599175809480702,True
post_hoc_extension_float32_v4,38,4,3,38300984,1248,312,85,29,0.0232371794871794,0.908653846153846,0.3610456398281202,True
post_hoc_extension_float32_v4,38,4,4,38301085,1248,312,89,33,0.0264423076923076,0.903846153846154,0.3296931168959666,True
post_hoc_extension_float32_v4,38,4,5,38301186,1248,312,90,38,0.0304487179487179,0.9150641025641024,0.3021142372839142,True
post_hoc_extension_float32_v4,38,5,1,38310791,1248,312,94,38,0.0304487179487179,0.907051282051282,0.2613714783299756,True
post_hoc_extension_float32_v4,38,5,2,38310892,1248,312,88,29,0.0232371794871794,0.9182692307692308,0.3560428024863443,True
post_hoc_extension_float32_v4,38,5,3,38310993,1248,312,90,31,0.0248397435897435,0.9118589743589745,0.3015206262222477,True
post_hoc_extension_float32_v4,38,5,4,38311094,1248,312,85,34,0.0272435897435897,0.9134615384615384,0.306844780177064,True
post_hoc_extension_float32_v4,38,5,5,38311195,1248,312,90,38,0.0304487179487179,0.905448717948718,0.3034931432711249,True
post_hoc_extension_float32_v4,39,1,1,39270758,1248,312,88,32,0.0256410256410256,0.9174679487179488,0.3471647254044301,True
post_hoc_extension_float32_v4,39,1,2,39270859,1248,312,89,29,0.0232371794871794,0.9238782051282052,0.2839222334630861,True
post_hoc_extension_float32_v4,39,1,3,39270960,1248,312,87,31,0.0248397435897435,0.9022435897435898,0.3360983305364843,True
post_hoc_extension_float32_v4,39,1,4,39271061,1248,312,95,40,0.032051282051282,0.9110576923076924,0.3746971257577035,True
post_hoc_extension_float32_v4,39,1,5,39271162,1248,312,87,30,0.0240384615384615,0.9150641025641024,0.2957753861266987,True
post_hoc_extension_float32_v4,39,2,1,39280767,1248,312,87,27,0.0216346153846153,0.9246794871794872,0.343957701126026,True
post_hoc_extension_float32_v4,39,2,2,39280868,1248,312,93,36,0.0288461538461538,0.8942307692307693,0.3113747788524916,True
post_hoc_extension_float32_v4,39,2,3,39280969,1248,312,87,31,0.0248397435897435,0.9214743589743588,0.321155193934863,True
post_hoc_extension_float32_v4,39,2,4,39281070,1248,312,91,39,0.03125,0.9118589743589745,0.3375318950458787,True
post_hoc_extension_float32_v4,39,2,5,39281171,1248,312,89,36,0.0288461538461538,0.908653846153846,0.2712922519409405,True
post_hoc_extension_float32_v4,39,3,1,39290776,1248,312,90,32,0.0256410256410256,0.9142628205128204,0.3759457327280986,True
post_hoc_extension_float32_v4,39,3,2,39290877,1248,312,87,33,0.0264423076923076,0.908653846153846,0.352221936855659,True
post_hoc_extension_float32_v4,39,3,3,39290978,1248,312,90,36,0.0288461538461538,0.9198717948717948,0.3176037121843228,True
post_hoc_extension_float32_v4,39,3,4,39291079,1248,312,85,33,0.0264423076923076,0.9206730769230768,0.3452289135455831,True
post_hoc_extension_float32_v4,39,3,5,39291180,1248,312,92,36,0.0288461538461538,0.905448717948718,0.3513789838515863,True
post_hoc_extension_float32_v4,39,4,1,39300785,1248,312,85,27,0.0216346153846153,0.8990384615384616,0.3672567534112342,True
post_hoc_extension_float32_v4,39,4,2,39300886,1248,312,93,33,0.0264423076923076,0.8990384615384616,0.3395686778459736,True
post_hoc_extension_float32_v4,39,4,3,39300987,1248,312,85,29,0.0232371794871794,0.9118589743589745,0.3415246458775712,True
post_hoc_extension_float32_v4,39,4,4,39301088,1248,312,89,33,0.0264423076923076,0.9190705128205128,0.2970058640254041,True
post_hoc_extension_float32_v4,39,4,5,39301189,1248,312,90,38,0.0304487179487179,0.9094551282051282,0.3650241486684423,True
post_hoc_extension_float32_v4,39,5,1,39310794,1248,312,94,38,0.0304487179487179,0.9006410256410257,0.3251193123133753,True
post_hoc_extension_float32_v4,39,5,2,39310895,1248,312,88,29,0.0232371794871794,0.9182692307692308,0.3852657607977648,True
post_hoc_extension_float32_v4,39,5,3,39310996,1248,312,90,31,0.0248397435897435,0.9142628205128204,0.2495647036939755,True
post_hoc_extension_float32_v4,39,5,4,39311097,1248,312,85,34,0.0272435897435897,0.908653846153846,0.373167295889134,True
post_hoc_extension_float32_v4,39,5,5,39311198,1248,312,90,38,0.0304487179487179,0.907051282051282,0.3385461331957387,True
post_hoc_extension_float32_v4,40,1,1,40270761,1248,312,88,32,0.0256410256410256,0.905448717948718,0.2752877283837656,True
post_hoc_extension_float32_v4,40,1,2,40270862,1248,312,89,29,0.0232371794871794,0.9174679487179488,0.2716893123492047,True
post_hoc_extension_float32_v4,40,1,3,40270963,1248,312,87,31,0.0248397435897435,0.9094551282051282,0.3851619110024045,True
post_hoc_extension_float32_v4,40,1,4,40271064,1248,312,95,40,0.032051282051282,0.9134615384615384,0.3416503643452049,True
post_hoc_extension_float32_v4,40,1,5,40271165,1248,312,87,30,0.0240384615384615,0.9102564102564102,0.3262842448530833,True
post_hoc_extension_float32_v4,40,2,1,40280770,1248,312,87,27,0.0216346153846153,0.90625,0.3792869156054479,True
post_hoc_extension_float32_v4,40,2,2,40280871,1248,312,93,36,0.0288461538461538,0.9030448717948718,0.3355227216417142,True
post_hoc_extension_float32_v4,40,2,3,40280972,1248,312,87,31,0.0248397435897435,0.907051282051282,0.3928295093777758,True
post_hoc_extension_float32_v4,40,2,4,40281073,1248,312,91,39,0.03125,0.907051282051282,0.3073546700492587,True
post_hoc_extension_float32_v4,40,2,5,40281174,1248,312,89,36,0.0288461538461538,0.907051282051282,0.3061372811985766,True
post_hoc_extension_float32_v4,40,3,1,40290779,1248,312,90,32,0.0256410256410256,0.9166666666666666,0.3616083594112155,True
post_hoc_extension_float32_v4,40,3,2,40290880,1248,312,87,33,0.0264423076923076,0.907852564102564,0.3229019724846088,True
post_hoc_extension_float32_v4,40,3,3,40290981,1248,312,90,36,0.0288461538461538,0.9158653846153846,0.3107113805025646,True
post_hoc_extension_float32_v4,40,3,4,40291082,1248,312,85,33,0.0264423076923076,0.9150641025641024,0.3737394874585776,True
post_hoc_extension_float32_v4,40,3,5,40291183,1248,312,92,36,0.0288461538461538,0.9094551282051282,0.3593613417935882,True
post_hoc_extension_float32_v4,40,4,1,40300788,1248,312,85,27,0.0216346153846153,0.9134615384615384,0.3449493850913067,True
post_hoc_extension_float32_v4,40,4,2,40300889,1248,312,93,33,0.0264423076923076,0.8974358974358975,0.331335677570842,True
post_hoc_extension_float32_v4,40,4,3,40300990,1248,312,85,29,0.0232371794871794,0.9174679487179488,0.3419024593285348,True
post_hoc_extension_float32_v4,40,4,4,40301091,1248,312,89,33,0.0264423076923076,0.9182692307692308,0.3015598437141896,True
post_hoc_extension_float32_v4,40,4,5,40301192,1248,312,90,38,0.0304487179487179,0.9206730769230768,0.3202411295080609,True
post_hoc_extension_float32_v4,40,5,1,40310797,1248,312,94,38,0.0304487179487179,0.9014423076923076,0.3541440603280211,True
post_hoc_extension_float32_v4,40,5,2,40310898,1248,312,88,29,0.0232371794871794,0.9142628205128204,0.3699740450231902,True
post_hoc_extension_float32_v4,40,5,3,40310999,1248,312,90,31,0.0248397435897435,0.9222756410256412,0.2724260506638919,True
post_hoc_extension_float32_v4,40,5,4,40311100,1248,312,85,34,0.0272435897435897,0.9110576923076924,0.298619435060914,True
post_hoc_extension_float32_v4,40,5,5,40311201,1248,312,90,38,0.0304487179487179,0.8934294871794872,0.3466036122557366,True
post_hoc_extension_float32_v4,41,1,1,41270764,1248,312,88,32,0.0256410256410256,0.9134615384615384,0.2770481461731772,True
post_hoc_extension_float32_v4,41,1,2,41270865,1248,312,89,29,0.0232371794871794,0.9230769230769232,0.2893823430659049,True
post_hoc_extension_float32_v4,41,1,3,41270966,1248,312,87,31,0.0248397435897435,0.9022435897435898,0.3345426449995463,True
post_hoc_extension_float32_v4,41,1,4,41271067,1248,312,95,40,0.032051282051282,0.90625,0.378900397274955,True
post_hoc_extension_float32_v4,41,1,5,41271168,1248,312,87,30,0.0240384615384615,0.9094551282051282,0.3384365522983285,True
post_hoc_extension_float32_v4,41,2,1,41280773,1248,312,87,27,0.0216346153846153,0.9174679487179488,0.4231472034981728,True
post_hoc_extension_float32_v4,41,2,2,41280874,1248,312,93,36,0.0288461538461538,0.903846153846154,0.3387982400365982,True
post_hoc_extension_float32_v4,41,2,3,41280975,1248,312,87,31,0.0248397435897435,0.908653846153846,0.3707472432676025,True
post_hoc_extension_float32_v4,41,2,4,41281076,1248,312,91,39,0.03125,0.90625,0.3690625553043591,True
post_hoc_extension_float32_v4,41,2,5,41281177,1248,312,89,36,0.0288461538461538,0.9094551282051282,0.3339550895890379,True
post_hoc_extension_float32_v4,41,3,1,41290782,1248,312,90,32,0.0256410256410256,0.9118589743589745,0.3298161982799839,True
post_hoc_extension_float32_v4,41,3,2,41290883,1248,312,87,33,0.0264423076923076,0.9246794871794872,0.3088496948039356,True
post_hoc_extension_float32_v4,41,3,3,41290984,1248,312,90,36,0.0288461538461538,0.908653846153846,0.3075171745908912,True
post_hoc_extension_float32_v4,41,3,4,41291085,1248,312,85,33,0.0264423076923076,0.9206730769230768,0.317116663088463,True
post_hoc_extension_float32_v4,41,3,5,41291186,1248,312,92,36,0.0288461538461538,0.9030448717948718,0.3376570287900799,True
post_hoc_extension_float32_v4,41,4,1,41300791,1248,312,85,27,0.0216346153846153,0.9142628205128204,0.3466400104862063,True
post_hoc_extension_float32_v4,41,4,2,41300892,1248,312,93,33,0.0264423076923076,0.9094551282051282,0.3035195509461963,True
post_hoc_extension_float32_v4,41,4,3,41300993,1248,312,85,29,0.0232371794871794,0.9166666666666666,0.3314487986201527,True
post_hoc_extension_float32_v4,41,4,4,41301094,1248,312,89,33,0.0264423076923076,0.9142628205128204,0.2678243251727678,True
post_hoc_extension_float32_v4,41,4,5,41301195,1248,312,90,38,0.0304487179487179,0.9182692307692308,0.320307468853423,True
post_hoc_extension_float32_v4,41,5,1,41310800,1248,312,94,38,0.0304487179487179,0.9110576923076924,0.3357480065225203,True
post_hoc_extension_float32_v4,41,5,2,41310901,1248,312,88,29,0.0232371794871794,0.9246794871794872,0.3200648809413219,True
post_hoc_extension_float32_v4,41,5,3,41311002,1248,312,90,31,0.0248397435897435,0.9142628205128204,0.3092236467350872,True
post_hoc_extension_float32_v4,41,5,4,41311103,1248,312,85,34,0.0272435897435897,0.9094551282051282,0.3478973664063356,True
post_hoc_extension_float32_v4,41,5,5,41311204,1248,312,90,38,0.0304487179487179,0.8990384615384616,0.3489969777971287,True
post_hoc_extension_float32_v4,42,1,1,42270767,1248,312,88,32,0.0256410256410256,0.904647435897436,0.2748909676984737,True
post_hoc_extension_float32_v4,42,1,2,42270868,1248,312,89,29,0.0232371794871794,0.9230769230769232,0.3154095550229622,True
post_hoc_extension_float32_v4,42,1,3,42270969,1248,312,87,31,0.0248397435897435,0.9102564102564102,0.3564379407539652,True
post_hoc_extension_float32_v4,42,1,4,42271070,1248,312,95,40,0.032051282051282,0.9206730769230768,0.3695487825607986,True
post_hoc_extension_float32_v4,42,1,5,42271171,1248,312,87,30,0.0240384615384615,0.9118589743589745,0.3210668845149765,True
post_hoc_extension_float32_v4,42,2,1,42280776,1248,312,87,27,0.0216346153846153,0.9254807692307692,0.3499939691148936,True
post_hoc_extension_float32_v4,42,2,2,42280877,1248,312,93,36,0.0288461538461538,0.908653846153846,0.3063382119202181,True
post_hoc_extension_float32_v4,42,2,3,42280978,1248,312,87,31,0.0248397435897435,0.904647435897436,0.383113081033112,True
post_hoc_extension_float32_v4,42,2,4,42281079,1248,312,91,39,0.03125,0.9118589743589745,0.3340733026467842,True
post_hoc_extension_float32_v4,42,2,5,42281180,1248,312,89,36,0.0288461538461538,0.9214743589743588,0.2778239948725368,True
post_hoc_extension_float32_v4,42,3,1,42290785,1248,312,90,32,0.0256410256410256,0.8942307692307693,0.356499841124263,True
post_hoc_extension_float32_v4,42,3,2,42290886,1248,312,87,33,0.0264423076923076,0.907852564102564,0.339714438292048,True
post_hoc_extension_float32_v4,42,3,3,42290987,1248,312,90,36,0.0288461538461538,0.9126602564102564,0.311212867368224,True
post_hoc_extension_float32_v4,42,3,4,42291088,1248,312,85,33,0.0264423076923076,0.907852564102564,0.3548522902379982,True
post_hoc_extension_float32_v4,42,3,5,42291189,1248,312,92,36,0.0288461538461538,0.9158653846153846,0.3462546468847391,True
post_hoc_extension_float32_v4,42,4,1,42300794,1248,312,85,27,0.0216346153846153,0.9222756410256412,0.3432595408194717,True
post_hoc_extension_float32_v4,42,4,2,42300895,1248,312,93,33,0.0264423076923076,0.9126602564102564,0.3162822300135715,True
post_hoc_extension_float32_v4,42,4,3,42300996,1248,312,85,29,0.0232371794871794,0.908653846153846,0.3981866254611772,True
post_hoc_extension_float32_v4,42,4,4,42301097,1248,312,89,33,0.0264423076923076,0.903846153846154,0.3382480274152517,True
post_hoc_extension_float32_v4,42,4,5,42301198,1248,312,90,38,0.0304487179487179,0.9126602564102564,0.3535472820566275,True
post_hoc_extension_float32_v4,42,5,1,42310803,1248,312,94,38,0.0304487179487179,0.908653846153846,0.3404794999592875,True
post_hoc_extension_float32_v4,42,5,2,42310904,1248,312,88,29,0.0232371794871794,0.9166666666666666,0.3003539770799417,True
post_hoc_extension_float32_v4,42,5,3,42311005,1248,312,90,31,0.0248397435897435,0.9238782051282052,0.3158934190968668,True
post_hoc_extension_float32_v4,42,5,4,42311106,1248,312,85,34,0.0272435897435897,0.9166666666666666,0.3077277697423687,True
post_hoc_extension_float32_v4,42,5,5,42311207,1248,312,90,38,0.0304487179487179,0.9118589743589745,0.3550810284828157,True
post_hoc_extension_float32_v4,43,1,1,43270770,1248,312,88,32,0.0256410256410256,0.9182692307692308,0.279191358358502,True
post_hoc_extension_float32_v4,43,1,2,43270871,1248,312,89,29,0.0232371794871794,0.9174679487179488,0.2945008536328632,True
post_hoc_extension_float32_v4,43,1,3,43270972,1248,312,87,31,0.0248397435897435,0.907051282051282,0.3733673516244816,True
post_hoc_extension_float32_v4,43,1,4,43271073,1248,312,95,40,0.032051282051282,0.9014423076923076,0.3696178334312054,True
post_hoc_extension_float32_v4,43,1,5,43271174,1248,312,87,30,0.0240384615384615,0.9142628205128204,0.2831625466071102,True
post_hoc_extension_float32_v4,43,2,1,43280779,1248,312,87,27,0.0216346153846153,0.9230769230769232,0.3453416663580719,True
post_hoc_extension_float32_v4,43,2,2,43280880,1248,312,93,36,0.0288461538461538,0.8974358974358975,0.347967296070812,True
post_hoc_extension_float32_v4,43,2,3,43280981,1248,312,87,31,0.0248397435897435,0.9206730769230768,0.3571511722877512,True
post_hoc_extension_float32_v4,43,2,4,43281082,1248,312,91,39,0.03125,0.9118589743589745,0.3096092071156641,True
post_hoc_extension_float32_v4,43,2,5,43281183,1248,312,89,36,0.0288461538461538,0.9014423076923076,0.2640762635568194,True
post_hoc_extension_float32_v4,43,3,1,43290788,1248,312,90,32,0.0256410256410256,0.9158653846153846,0.3370889210741455,True
post_hoc_extension_float32_v4,43,3,2,43290889,1248,312,87,33,0.0264423076923076,0.9014423076923076,0.3343304495911599,True
post_hoc_extension_float32_v4,43,3,3,43290990,1248,312,90,36,0.0288461538461538,0.907852564102564,0.2810217625970892,True
post_hoc_extension_float32_v4,43,3,4,43291091,1248,312,85,33,0.0264423076923076,0.9158653846153846,0.3149652820853899,True
post_hoc_extension_float32_v4,43,3,5,43291192,1248,312,92,36,0.0288461538461538,0.9142628205128204,0.3186912569250978,True
post_hoc_extension_float32_v4,43,4,1,43300797,1248,312,85,27,0.0216346153846153,0.9190705128205128,0.3624011571800251,True
post_hoc_extension_float32_v4,43,4,2,43300898,1248,312,93,33,0.0264423076923076,0.905448717948718,0.2687056217230591,True
post_hoc_extension_float32_v4,43,4,3,43300999,1248,312,85,29,0.0232371794871794,0.9094551282051282,0.3612817929584291,True
post_hoc_extension_float32_v4,43,4,4,43301100,1248,312,89,33,0.0264423076923076,0.9166666666666666,0.3174318288213735,True
post_hoc_extension_float32_v4,43,4,5,43301201,1248,312,90,38,0.0304487179487179,0.9214743589743588,0.3539487207542765,True
post_hoc_extension_float32_v4,43,5,1,43310806,1248,312,94,38,0.0304487179487179,0.9006410256410257,0.3583422023291818,True
post_hoc_extension_float32_v4,43,5,2,43310907,1248,312,88,29,0.0232371794871794,0.9174679487179488,0.3427246285883967,True
post_hoc_extension_float32_v4,43,5,3,43311008,1248,312,90,31,0.0248397435897435,0.9118589743589745,0.3106820230532883,True
post_hoc_extension_float32_v4,43,5,4,43311109,1248,312,85,34,0.0272435897435897,0.908653846153846,0.3075472559225192,True
post_hoc_extension_float32_v4,43,5,5,43311210,1248,312,90,38,0.0304487179487179,0.9094551282051282,0.3183534416269614,True
post_hoc_extension_float32_v4,44,1,1,44270773,1248,312,88,32,0.0256410256410256,0.907852564102564,0.261715494902115,True
post_hoc_extension_float32_v4,44,1,2,44270874,1248,312,89,29,0.0232371794871794,0.9190705128205128,0.310753472484745,True
post_hoc_extension_float32_v4,44,1,3,44270975,1248,312,87,31,0.0248397435897435,0.9110576923076924,0.3510467686713833,True
post_hoc_extension_float32_v4,44,1,4,44271076,1248,312,95,40,0.032051282051282,0.907852564102564,0.3362526565225461,True
post_hoc_extension_float32_v4,44,1,5,44271177,1248,312,87,30,0.0240384615384615,0.9118589743589745,0.2836977241174864,True
post_hoc_extension_float32_v4,44,2,1,44280782,1248,312,87,27,0.0216346153846153,0.9182692307692308,0.3310871387343768,True
post_hoc_extension_float32_v4,44,2,2,44280883,1248,312,93,36,0.0288461538461538,0.8998397435897436,0.3765453101562168,True
post_hoc_extension_float32_v4,44,2,3,44280984,1248,312,87,31,0.0248397435897435,0.9134615384615384,0.3675945041292319,True
post_hoc_extension_float32_v4,44,2,4,44281085,1248,312,91,39,0.03125,0.905448717948718,0.3510757954100905,True
post_hoc_extension_float32_v4,44,2,5,44281186,1248,312,89,36,0.0288461538461538,0.9238782051282052,0.2854137565927661,True
post_hoc_extension_float32_v4,44,3,1,44290791,1248,312,90,32,0.0256410256410256,0.8982371794871795,0.3474607157185181,True
post_hoc_extension_float32_v4,44,3,2,44290892,1248,312,87,33,0.0264423076923076,0.905448717948718,0.3165064625554487,True
post_hoc_extension_float32_v4,44,3,3,44290993,1248,312,90,36,0.0288461538461538,0.904647435897436,0.3709081086982984,True
post_hoc_extension_float32_v4,44,3,4,44291094,1248,312,85,33,0.0264423076923076,0.9158653846153846,0.3404988408232567,True
post_hoc_extension_float32_v4,44,3,5,44291195,1248,312,92,36,0.0288461538461538,0.9118589743589745,0.3631965559838896,True
post_hoc_extension_float32_v4,44,4,1,44300800,1248,312,85,27,0.0216346153846153,0.9198717948717948,0.3424311415867664,True
post_hoc_extension_float32_v4,44,4,2,44300901,1248,312,93,33,0.0264423076923076,0.9102564102564102,0.2986931152334855,True
post_hoc_extension_float32_v4,44,4,3,44301002,1248,312,85,29,0.0232371794871794,0.9094551282051282,0.3354017955330177,True
post_hoc_extension_float32_v4,44,4,4,44301103,1248,312,89,33,0.0264423076923076,0.908653846153846,0.3023628067736313,True
post_hoc_extension_float32_v4,44,4,5,44301204,1248,312,90,38,0.0304487179487179,0.9182692307692308,0.320122730860506,True
post_hoc_extension_float32_v4,44,5,1,44310809,1248,312,94,38,0.0304487179487179,0.903846153846154,0.3365018824175181,True
post_hoc_extension_float32_v4,44,5,2,44310910,1248,312,88,29,0.0232371794871794,0.9190705128205128,0.3189932868453738,True
post_hoc_extension_float32_v4,44,5,3,44311011,1248,312,90,31,0.0248397435897435,0.9230769230769232,0.2629925866822498,True
post_hoc_extension_float32_v4,44,5,4,44311112,1248,312,85,34,0.0272435897435897,0.9158653846153846,0.3187287716390745,True
post_hoc_extension_float32_v4,44,5,5,44311213,1248,312,90,38,0.0304487179487179,0.9094551282051282,0.3088642982048477,True
post_hoc_extension_float32_v4,45,1,1,45270776,1248,312,88,32,0.0256410256410256,0.908653846153846,0.3327035294963182,True
post_hoc_extension_float32_v4,45,1,2,45270877,1248,312,89,29,0.0232371794871794,0.9174679487179488,0.315195898535726,True
post_hoc_extension_float32_v4,45,1,3,45270978,1248,312,87,31,0.0248397435897435,0.904647435897436,0.3808921197003169,True
post_hoc_extension_float32_v4,45,1,4,45271079,1248,312,95,40,0.032051282051282,0.9134615384615384,0.3550989548601254,True
post_hoc_extension_float32_v4,45,1,5,45271180,1248,312,87,30,0.0240384615384615,0.903846153846154,0.3093878178262839,True
post_hoc_extension_float32_v4,45,2,1,45280785,1248,312,87,27,0.0216346153846153,0.9190705128205128,0.3601031312337164,True
post_hoc_extension_float32_v4,45,2,2,45280886,1248,312,93,36,0.0288461538461538,0.9158653846153846,0.3390809955291387,True
post_hoc_extension_float32_v4,45,2,3,45280987,1248,312,87,31,0.0248397435897435,0.9214743589743588,0.373109868350901,True
post_hoc_extension_float32_v4,45,2,4,45281088,1248,312,91,39,0.03125,0.9270833333333334,0.3046089471351275,True
post_hoc_extension_float32_v4,45,2,5,45281189,1248,312,89,36,0.0288461538461538,0.90625,0.2639824466667441,True
post_hoc_extension_float32_v4,45,3,1,45290794,1248,312,90,32,0.0256410256410256,0.9118589743589745,0.3687938733852484,True
post_hoc_extension_float32_v4,45,3,2,45290895,1248,312,87,33,0.0264423076923076,0.9230769230769232,0.3052383530670879,True
post_hoc_extension_float32_v4,45,3,3,45290996,1248,312,90,36,0.0288461538461538,0.9102564102564102,0.241598961880199,True
post_hoc_extension_float32_v4,45,3,4,45291097,1248,312,85,33,0.0264423076923076,0.9118589743589745,0.3752280953033784,True
post_hoc_extension_float32_v4,45,3,5,45291198,1248,312,92,36,0.0288461538461538,0.9182692307692308,0.3742959848538446,True
post_hoc_extension_float32_v4,45,4,1,45300803,1248,312,85,27,0.0216346153846153,0.90625,0.3542429504004846,True
post_hoc_extension_float32_v4,45,4,2,45300904,1248,312,93,33,0.0264423076923076,0.9158653846153846,0.2499693780622555,True
post_hoc_extension_float32_v4,45,4,3,45301005,1248,312,85,29,0.0232371794871794,0.9158653846153846,0.3526141795904501,True
post_hoc_extension_float32_v4,45,4,4,45301106,1248,312,89,33,0.0264423076923076,0.9142628205128204,0.314471327871677,True
post_hoc_extension_float32_v4,45,4,5,45301207,1248,312,90,38,0.0304487179487179,0.908653846153846,0.3508527593798826,True
post_hoc_extension_float32_v4,45,5,1,45310812,1248,312,94,38,0.0304487179487179,0.908653846153846,0.3381957508175567,True
post_hoc_extension_float32_v4,45,5,2,45310913,1248,312,88,29,0.0232371794871794,0.9166666666666666,0.3404421161598872,True
post_hoc_extension_float32_v4,45,5,3,45311014,1248,312,90,31,0.0248397435897435,0.9150641025641024,0.341685714683502,True
post_hoc_extension_float32_v4,45,5,4,45311115,1248,312,85,34,0.0272435897435897,0.9094551282051282,0.3242960714566468,True
post_hoc_extension_float32_v4,45,5,5,45311216,1248,312,90,38,0.0304487179487179,0.9134615384615384,0.3728224367774095,True
post_hoc_extension_float32_v4,46,1,1,46270779,1248,312,88,32,0.0256410256410256,0.9142628205128204,0.2746473773597957,True
post_hoc_extension_float32_v4,46,1,2,46270880,1248,312,89,29,0.0232371794871794,0.935897435897436,0.3196004442701974,True
post_hoc_extension_float32_v4,46,1,3,46270981,1248,312,87,31,0.0248397435897435,0.9166666666666666,0.3577625552400389,True
post_hoc_extension_float32_v4,46,1,4,46271082,1248,312,95,40,0.032051282051282,0.9134615384615384,0.3778727605030341,True
post_hoc_extension_float32_v4,46,1,5,46271183,1248,312,87,30,0.0240384615384615,0.9126602564102564,0.3789718558761015,True
post_hoc_extension_float32_v4,46,2,1,46280788,1248,312,87,27,0.0216346153846153,0.9326923076923076,0.3633648582077652,True
post_hoc_extension_float32_v4,46,2,2,46280889,1248,312,93,36,0.0288461538461538,0.9134615384615384,0.3087318431397601,True
post_hoc_extension_float32_v4,46,2,3,46280990,1248,312,87,31,0.0248397435897435,0.907852564102564,0.3973364080316811,True
post_hoc_extension_float32_v4,46,2,4,46281091,1248,312,91,39,0.03125,0.907051282051282,0.3066185903215875,True
post_hoc_extension_float32_v4,46,2,5,46281192,1248,312,89,36,0.0288461538461538,0.9214743589743588,0.2420829613802979,True
post_hoc_extension_float32_v4,46,3,1,46290797,1248,312,90,32,0.0256410256410256,0.9182692307692308,0.3457986692228138,True
post_hoc_extension_float32_v4,46,3,2,46290898,1248,312,87,33,0.0264423076923076,0.9126602564102564,0.3184047850063704,True
post_hoc_extension_float32_v4,46,3,3,46290999,1248,312,90,36,0.0288461538461538,0.9238782051282052,0.2583200515910817,True
post_hoc_extension_float32_v4,46,3,4,46291100,1248,312,85,33,0.0264423076923076,0.9102564102564102,0.3802033084812819,True
post_hoc_extension_float32_v4,46,3,5,46291201,1248,312,92,36,0.0288461538461538,0.9150641025641024,0.3125335590455617,True
post_hoc_extension_float32_v4,46,4,1,46300806,1248,312,85,27,0.0216346153846153,0.9110576923076924,0.3294784109883348,True
post_hoc_extension_float32_v4,46,4,2,46300907,1248,312,93,33,0.0264423076923076,0.9134615384615384,0.3189314302661978,True
post_hoc_extension_float32_v4,46,4,3,46301008,1248,312,85,29,0.0232371794871794,0.9190705128205128,0.3711961840058228,True
post_hoc_extension_float32_v4,46,4,4,46301109,1248,312,89,33,0.0264423076923076,0.9190705128205128,0.3202777788625616,True
post_hoc_extension_float32_v4,46,4,5,46301210,1248,312,90,38,0.0304487179487179,0.9110576923076924,0.3090577064387931,True
post_hoc_extension_float32_v4,46,5,1,46310815,1248,312,94,38,0.0304487179487179,0.8902243589743589,0.3759337236823463,True
post_hoc_extension_float32_v4,46,5,2,46310916,1248,312,88,29,0.0232371794871794,0.9278846153846154,0.3275562270514627,True
post_hoc_extension_float32_v4,46,5,3,46311017,1248,312,90,31,0.0248397435897435,0.9094551282051282,0.3167313390924249,True
post_hoc_extension_float32_v4,46,5,4,46311118,1248,312,85,34,0.0272435897435897,0.9094551282051282,0.3389314422063773,True
post_hoc_extension_float32_v4,46,5,5,46311219,1248,312,90,38,0.0304487179487179,0.9222756410256412,0.3253464843486741,True
post_hoc_extension_float32_v4,47,1,1,47270782,1248,312,88,32,0.0256410256410256,0.905448717948718,0.2809686254044676,True
post_hoc_extension_float32_v4,47,1,2,47270883,1248,312,89,29,0.0232371794871794,0.9182692307692308,0.3459696157974198,True
post_hoc_extension_float32_v4,47,1,3,47270984,1248,312,87,31,0.0248397435897435,0.9158653846153846,0.3297963398137572,True
post_hoc_extension_float32_v4,47,1,4,47271085,1248,312,95,40,0.032051282051282,0.9134615384615384,0.3642562559062705,True
post_hoc_extension_float32_v4,47,1,5,47271186,1248,312,87,30,0.0240384615384615,0.9142628205128204,0.3133577317896322,True
post_hoc_extension_float32_v4,47,2,1,47280791,1248,312,87,27,0.0216346153846153,0.9262820512820512,0.3298669096578964,True
post_hoc_extension_float32_v4,47,2,2,47280892,1248,312,93,36,0.0288461538461538,0.9022435897435898,0.360763996550392,True
post_hoc_extension_float32_v4,47,2,3,47280993,1248,312,87,31,0.0248397435897435,0.9118589743589745,0.3557598131032233,True
post_hoc_extension_float32_v4,47,2,4,47281094,1248,312,91,39,0.03125,0.9126602564102564,0.3300324767427042,True
post_hoc_extension_float32_v4,47,2,5,47281195,1248,312,89,36,0.0288461538461538,0.9166666666666666,0.2690371587825012,True
post_hoc_extension_float32_v4,47,3,1,47290800,1248,312,90,32,0.0256410256410256,0.9142628205128204,0.3191306848408139,True
post_hoc_extension_float32_v4,47,3,2,47290901,1248,312,87,33,0.0264423076923076,0.9174679487179488,0.3072128645790469,True
post_hoc_extension_float32_v4,47,3,3,47291002,1248,312,90,36,0.0288461538461538,0.9118589743589745,0.3173562889208569,True
post_hoc_extension_float32_v4,47,3,4,47291103,1248,312,85,33,0.0264423076923076,0.904647435897436,0.3810166861143961,True
post_hoc_extension_float32_v4,47,3,5,47291204,1248,312,92,36,0.0288461538461538,0.9190705128205128,0.3613338099161525,True
post_hoc_extension_float32_v4,47,4,1,47300809,1248,312,85,27,0.0216346153846153,0.9174679487179488,0.3334813311184029,True
post_hoc_extension_float32_v4,47,4,2,47300910,1248,312,93,33,0.0264423076923076,0.903846153846154,0.2916168619530424,True
post_hoc_extension_float32_v4,47,4,3,47301011,1248,312,85,29,0.0232371794871794,0.9166666666666666,0.3501801103461641,True
post_hoc_extension_float32_v4,47,4,4,47301112,1248,312,89,33,0.0264423076923076,0.9134615384615384,0.3120589726916524,True
post_hoc_extension_float32_v4,47,4,5,47301213,1248,312,90,38,0.0304487179487179,0.9190705128205128,0.3068888084968123,True
post_hoc_extension_float32_v4,47,5,1,47310818,1248,312,94,38,0.0304487179487179,0.9006410256410257,0.3294315710472759,True
post_hoc_extension_float32_v4,47,5,2,47310919,1248,312,88,29,0.0232371794871794,0.9142628205128204,0.3320803589611432,True
post_hoc_extension_float32_v4,47,5,3,47311020,1248,312,90,31,0.0248397435897435,0.903846153846154,0.3138341889258262,True
post_hoc_extension_float32_v4,47,5,4,47311121,1248,312,85,34,0.0272435897435897,0.9150641025641024,0.3054489588563716,True
post_hoc_extension_float32_v4,47,5,5,47311222,1248,312,90,38,0.0304487179487179,0.9150641025641024,0.3413978349676045,True
post_hoc_extension_float32_v4,48,1,1,48270785,1248,312,88,32,0.0256410256410256,0.908653846153846,0.2972284005880043,True
post_hoc_extension_float32_v4,48,1,2,48270886,1248,312,89,29,0.0232371794871794,0.9238782051282052,0.3257233769033544,True
post_hoc_extension_float32_v4,48,1,3,48270987,1248,312,87,31,0.0248397435897435,0.9110576923076924,0.3236661162264754,True
post_hoc_extension_float32_v4,48,1,4,48271088,1248,312,95,40,0.032051282051282,0.8950320512820513,0.3419579109970401,True
post_hoc_extension_float32_v4,48,1,5,48271189,1248,312,87,30,0.0240384615384615,0.9158653846153846,0.3092061141667579,True
post_hoc_extension_float32_v4,48,2,1,48280794,1248,312,87,27,0.0216346153846153,0.9134615384615384,0.3851211082387289,True
post_hoc_extension_float32_v4,48,2,2,48280895,1248,312,93,36,0.0288461538461538,0.9030448717948718,0.3645789174615731,True
post_hoc_extension_float32_v4,48,2,3,48280996,1248,312,87,31,0.0248397435897435,0.9126602564102564,0.3257109615335926,True
post_hoc_extension_float32_v4,48,2,4,48281097,1248,312,91,39,0.03125,0.9206730769230768,0.3287425839727255,True
post_hoc_extension_float32_v4,48,2,5,48281198,1248,312,89,36,0.0288461538461538,0.9206730769230768,0.2971004151753126,True
post_hoc_extension_float32_v4,48,3,1,48290803,1248,312,90,32,0.0256410256410256,0.9126602564102564,0.3383594556666812,True
post_hoc_extension_float32_v4,48,3,2,48290904,1248,312,87,33,0.0264423076923076,0.9166666666666666,0.3382080186472322,True
post_hoc_extension_float32_v4,48,3,3,48291005,1248,312,90,36,0.0288461538461538,0.9238782051282052,0.3089184289039609,True
post_hoc_extension_float32_v4,48,3,4,48291106,1248,312,85,33,0.0264423076923076,0.9126602564102564,0.3584876085947909,True
post_hoc_extension_float32_v4,48,3,5,48291207,1248,312,92,36,0.0288461538461538,0.9158653846153846,0.3475433133368878,True
post_hoc_extension_float32_v4,48,4,1,48300812,1248,312,85,27,0.0216346153846153,0.908653846153846,0.3815023258428374,True
post_hoc_extension_float32_v4,48,4,2,48300913,1248,312,93,33,0.0264423076923076,0.8902243589743589,0.2801171497105161,True
post_hoc_extension_float32_v4,48,4,3,48301014,1248,312,85,29,0.0232371794871794,0.907852564102564,0.3790860437084553,True
post_hoc_extension_float32_v4,48,4,4,48301115,1248,312,89,33,0.0264423076923076,0.905448717948718,0.2924374140421117,True
post_hoc_extension_float32_v4,48,4,5,48301216,1248,312,90,38,0.0304487179487179,0.9102564102564102,0.348591048063089,True
post_hoc_extension_float32_v4,48,5,1,48310821,1248,312,94,38,0.0304487179487179,0.907852564102564,0.339554450629756,True
post_hoc_extension_float32_v4,48,5,2,48310922,1248,312,88,29,0.0232371794871794,0.9166666666666666,0.3439009518578267,True
post_hoc_extension_float32_v4,48,5,3,48311023,1248,312,90,31,0.0248397435897435,0.9102564102564102,0.3151344775481944,True
post_hoc_extension_float32_v4,48,5,4,48311124,1248,312,85,34,0.0272435897435897,0.9134615384615384,0.2879589616882771,True
post_hoc_extension_float32_v4,48,5,5,48311225,1248,312,90,38,0.0304487179487179,0.908653846153846,0.300504532160998,True
post_hoc_extension_float32_v4,49,1,1,49270788,1248,312,88,32,0.0256410256410256,0.907051282051282,0.312815986808391,True
post_hoc_extension_float32_v4,49,1,2,49270889,1248,312,89,29,0.0232371794871794,0.9270833333333334,0.2819982479333042,True
post_hoc_extension_float32_v4,49,1,3,49270990,1248,312,87,31,0.0248397435897435,0.9094551282051282,0.3840937917354454,True
post_hoc_extension_float32_v4,49,1,4,49271091,1248,312,95,40,0.032051282051282,0.9102564102564102,0.3569996335960191,True
post_hoc_extension_float32_v4,49,1,5,49271192,1248,312,87,30,0.0240384615384615,0.9206730769230768,0.3064041067559881,True
post_hoc_extension_float32_v4,49,2,1,49280797,1248,312,87,27,0.0216346153846153,0.9254807692307692,0.3259050747317003,True
post_hoc_extension_float32_v4,49,2,2,49280898,1248,312,93,36,0.0288461538461538,0.9102564102564102,0.313122341665173,True
post_hoc_extension_float32_v4,49,2,3,49280999,1248,312,87,31,0.0248397435897435,0.9230769230769232,0.361748776158547,True
post_hoc_extension_float32_v4,49,2,4,49281100,1248,312,91,39,0.03125,0.9158653846153846,0.3039603923782914,True
post_hoc_extension_float32_v4,49,2,5,49281201,1248,312,89,36,0.0288461538461538,0.9198717948717948,0.2727652305722486,True
post_hoc_extension_float32_v4,49,3,1,49290806,1248,312,90,32,0.0256410256410256,0.907051282051282,0.361715322641335,True
post_hoc_extension_float32_v4,49,3,2,49290907,1248,312,87,33,0.0264423076923076,0.9190705128205128,0.2712155825993089,True
post_hoc_extension_float32_v4,49,3,3,49291008,1248,312,90,36,0.0288461538461538,0.9142628205128204,0.3209940048166073,True
post_hoc_extension_float32_v4,49,3,4,49291109,1248,312,85,33,0.0264423076923076,0.907852564102564,0.3549181911740753,True
post_hoc_extension_float32_v4,49,3,5,49291210,1248,312,92,36,0.0288461538461538,0.907852564102564,0.3732408897012783,True
post_hoc_extension_float32_v4,49,4,1,49300815,1248,312,85,27,0.0216346153846153,0.90625,0.3455489369977133,True
post_hoc_extension_float32_v4,49,4,2,49300916,1248,312,93,33,0.0264423076923076,0.9118589743589745,0.2966113451740201,True
post_hoc_extension_float32_v4,49,4,3,49301017,1248,312,85,29,0.0232371794871794,0.907852564102564,0.4008111563667507,True
post_hoc_extension_float32_v4,49,4,4,49301118,1248,312,89,33,0.0264423076923076,0.904647435897436,0.3167794359509984,True
post_hoc_extension_float32_v4,49,4,5,49301219,1248,312,90,38,0.0304487179487179,0.903846153846154,0.3117311915745778,True
post_hoc_extension_float32_v4,49,5,1,49310824,1248,312,94,38,0.0304487179487179,0.907852564102564,0.3377080641844499,True
post_hoc_extension_float32_v4,49,5,2,49310925,1248,312,88,29,0.0232371794871794,0.9198717948717948,0.3591330196072299,True
post_hoc_extension_float32_v4,49,5,3,49311026,1248,312,90,31,0.0248397435897435,0.9206730769230768,0.3243598426122604,True
post_hoc_extension_float32_v4,49,5,4,49311127,1248,312,85,34,0.0272435897435897,0.9102564102564102,0.3328748597908344,True
post_hoc_extension_float32_v4,49,5,5,49311228,1248,312,90,38,0.0304487179487179,0.907852564102564,0.3513341840685557,True
post_hoc_extension_float32_v4,50,1,1,50270791,1248,312,88,32,0.0256410256410256,0.9214743589743588,0.3384738228393675,True
post_hoc_extension_float32_v4,50,1,2,50270892,1248,312,89,29,0.0232371794871794,0.9238782051282052,0.2925503395157461,True
post_hoc_extension_float32_v4,50,1,3,50270993,1248,312,87,31,0.0248397435897435,0.9238782051282052,0.3467806489262194,True
post_hoc_extension_float32_v4,50,1,4,50271094,1248,312,95,40,0.032051282051282,0.908653846153846,0.3616322885088442,True
post_hoc_extension_float32_v4,50,1,5,50271195,1248,312,87,30,0.0240384615384615,0.9230769230769232,0.2297767684521933,True
post_hoc_extension_float32_v4,50,2,1,50280800,1248,312,87,27,0.0216346153846153,0.9182692307692308,0.2944417182304208,True
post_hoc_extension_float32_v4,50,2,2,50280901,1248,312,93,36,0.0288461538461538,0.9118589743589745,0.3165953373440683,True
post_hoc_extension_float32_v4,50,2,3,50281002,1248,312,87,31,0.0248397435897435,0.9150641025641024,0.3722076525728133,True
post_hoc_extension_float32_v4,50,2,4,50281103,1248,312,91,39,0.03125,0.9110576923076924,0.3208277548205032,True
post_hoc_extension_float32_v4,50,2,5,50281204,1248,312,89,36,0.0288461538461538,0.9094551282051282,0.311311068992125,True
post_hoc_extension_float32_v4,50,3,1,50290809,1248,312,90,32,0.0256410256410256,0.9182692307692308,0.3727138968145109,True
post_hoc_extension_float32_v4,50,3,2,50290910,1248,312,87,33,0.0264423076923076,0.905448717948718,0.3262340635245318,True
post_hoc_extension_float32_v4,50,3,3,50291011,1248,312,90,36,0.0288461538461538,0.9142628205128204,0.257558499349821,True
post_hoc_extension_float32_v4,50,3,4,50291112,1248,312,85,33,0.0264423076923076,0.903846153846154,0.3151954975135875,True
post_hoc_extension_float32_v4,50,3,5,50291213,1248,312,92,36,0.0288461538461538,0.908653846153846,0.3556330513702024,True
post_hoc_extension_float32_v4,50,4,1,50300818,1248,312,85,27,0.0216346153846153,0.9206730769230768,0.3196969367705696,True
post_hoc_extension_float32_v4,50,4,2,50300919,1248,312,93,33,0.0264423076923076,0.9166666666666666,0.3107703555370047,True
post_hoc_extension_float32_v4,50,4,3,50301020,1248,312,85,29,0.0232371794871794,0.9190705128205128,0.3457852062768898,True
post_hoc_extension_float32_v4,50,4,4,50301121,1248,312,89,33,0.0264423076923076,0.9118589743589745,0.3429862331007736,True
post_hoc_extension_float32_v4,50,4,5,50301222,1248,312,90,38,0.0304487179487179,0.9142628205128204,0.3084183802001126,True
post_hoc_extension_float32_v4,50,5,1,50310827,1248,312,94,38,0.0304487179487179,0.9182692307692308,0.3113073960614279,True
post_hoc_extension_float32_v4,50,5,2,50310928,1248,312,88,29,0.0232371794871794,0.9110576923076924,0.3891438266047944,True
post_hoc_extension_float32_v4,50,5,3,50311029,1248,312,90,31,0.0248397435897435,0.9222756410256412,0.2687221518798158,True
post_hoc_extension_float32_v4,50,5,4,50311130,1248,312,85,34,0.0272435897435897,0.9150641025641024,0.3240764678095519,True
post_hoc_extension_float32_v4,50,5,5,50311231,1248,312,90,38,0.0304487179487179,0.908653846153846,0.3169810154298194,True
post_hoc_extension_float32_v4,51,1,1,51270794,1248,312,88,32,0.0256410256410256,0.908653846153846,0.2749438274865579,True
post_hoc_extension_float32_v4,51,1,2,51270895,1248,312,89,29,0.0232371794871794,0.9230769230769232,0.2931790730394957,True
post_hoc_extension_float32_v4,51,1,3,51270996,1248,312,87,31,0.0248397435897435,0.9150641025641024,0.3719090503603421,True
post_hoc_extension_float32_v4,51,1,4,51271097,1248,312,95,40,0.032051282051282,0.9102564102564102,0.340619405280311,True
post_hoc_extension_float32_v4,51,1,5,51271198,1248,312,87,30,0.0240384615384615,0.9118589743589745,0.2855133655637245,True
post_hoc_extension_float32_v4,51,2,1,51280803,1248,312,87,27,0.0216346153846153,0.9190705128205128,0.3464906498367514,True
post_hoc_extension_float32_v4,51,2,2,51280904,1248,312,93,36,0.0288461538461538,0.9126602564102564,0.3132731850606918,True
post_hoc_extension_float32_v4,51,2,3,51281005,1248,312,87,31,0.0248397435897435,0.9022435897435898,0.3911246207068898,True
post_hoc_extension_float32_v4,51,2,4,51281106,1248,312,91,39,0.03125,0.9118589743589745,0.3537699781700753,True
post_hoc_extension_float32_v4,51,2,5,51281207,1248,312,89,36,0.0288461538461538,0.90625,0.2949638568736648,True
post_hoc_extension_float32_v4,51,3,1,51290812,1248,312,90,32,0.0256410256410256,0.9102564102564102,0.3347537223092857,True
post_hoc_extension_float32_v4,51,3,2,51290913,1248,312,87,33,0.0264423076923076,0.9150641025641024,0.301668098497168,True
post_hoc_extension_float32_v4,51,3,3,51291014,1248,312,90,36,0.0288461538461538,0.9014423076923076,0.2708157487434043,True
post_hoc_extension_float32_v4,51,3,4,51291115,1248,312,85,33,0.0264423076923076,0.9094551282051282,0.3282171413618547,True
post_hoc_extension_float32_v4,51,3,5,51291216,1248,312,92,36,0.0288461538461538,0.9214743589743588,0.319409507136675,True
post_hoc_extension_float32_v4,51,4,1,51300821,1248,312,85,27,0.0216346153846153,0.9166666666666666,0.3494494487449047,True
post_hoc_extension_float32_v4,51,4,2,51300922,1248,312,93,33,0.0264423076923076,0.9102564102564102,0.2647829113703632,True
post_hoc_extension_float32_v4,51,4,3,51301023,1248,312,85,29,0.0232371794871794,0.908653846153846,0.341889932358938,True
post_hoc_extension_float32_v4,51,4,4,51301124,1248,312,89,33,0.0264423076923076,0.9126602564102564,0.3336708361113027,True
post_hoc_extension_float32_v4,51,4,5,51301225,1248,312,90,38,0.0304487179487179,0.9102564102564102,0.2919160101065627,True
post_hoc_extension_float32_v4,51,5,1,51310830,1248,312,94,38,0.0304487179487179,0.9030448717948718,0.3333657702944467,True
post_hoc_extension_float32_v4,51,5,2,51310931,1248,312,88,29,0.0232371794871794,0.9174679487179488,0.3421188216806102,True
post_hoc_extension_float32_v4,51,5,3,51311032,1248,312,90,31,0.0248397435897435,0.9150641025641024,0.3551486602580406,True
post_hoc_extension_float32_v4,51,5,4,51311133,1248,312,85,34,0.0272435897435897,0.9286858974358976,0.3016118025985601,True
post_hoc_extension_float32_v4,51,5,5,51311234,1248,312,90,38,0.0304487179487179,0.9174679487179488,0.3046142107825286,True
post_hoc_extension_float32_v4,52,1,1,52270797,1248,312,88,32,0.0256410256410256,0.907051282051282,0.3424066276537991,True
post_hoc_extension_float32_v4,52,1,2,52270898,1248,312,89,29,0.0232371794871794,0.9230769230769232,0.3203163544736451,True
post_hoc_extension_float32_v4,52,1,3,52270999,1248,312,87,31,0.0248397435897435,0.9150641025641024,0.3801982220931911,True
post_hoc_extension_float32_v4,52,1,4,52271100,1248,312,95,40,0.032051282051282,0.8998397435897436,0.3462371167502204,True
post_hoc_extension_float32_v4,52,1,5,52271201,1248,312,87,30,0.0240384615384615,0.9214743589743588,0.3091965270699079,True
post_hoc_extension_float32_v4,52,2,1,52280806,1248,312,87,27,0.0216346153846153,0.9126602564102564,0.3543511468269356,True
post_hoc_extension_float32_v4,52,2,2,52280907,1248,312,93,36,0.0288461538461538,0.8998397435897436,0.3019639102326761,True
post_hoc_extension_float32_v4,52,2,3,52281008,1248,312,87,31,0.0248397435897435,0.907051282051282,0.3607311660374228,True
post_hoc_extension_float32_v4,52,2,4,52281109,1248,312,91,39,0.03125,0.904647435897436,0.3082152599540182,True
post_hoc_extension_float32_v4,52,2,5,52281210,1248,312,89,36,0.0288461538461538,0.9094551282051282,0.3066222371425087,True
post_hoc_extension_float32_v4,52,3,1,52290815,1248,312,90,32,0.0256410256410256,0.908653846153846,0.3477332346070657,True
post_hoc_extension_float32_v4,52,3,2,52290916,1248,312,87,33,0.0264423076923076,0.9174679487179488,0.3403047698396589,True
post_hoc_extension_float32_v4,52,3,3,52291017,1248,312,90,36,0.0288461538461538,0.9102564102564102,0.2997463688088966,True
post_hoc_extension_float32_v4,52,3,4,52291118,1248,312,85,33,0.0264423076923076,0.9134615384615384,0.382125640723734,True
post_hoc_extension_float32_v4,52,3,5,52291219,1248,312,92,36,0.0288461538461538,0.907852564102564,0.3389175824342106,True
post_hoc_extension_float32_v4,52,4,1,52300824,1248,312,85,27,0.0216346153846153,0.9142628205128204,0.373332291588535,True
post_hoc_extension_float32_v4,52,4,2,52300925,1248,312,93,33,0.0264423076923076,0.9142628205128204,0.2924404303669409,True
post_hoc_extension_float32_v4,52,4,3,52301026,1248,312,85,29,0.0232371794871794,0.9198717948717948,0.3275959272354859,True
post_hoc_extension_float32_v4,52,4,4,52301127,1248,312,89,33,0.0264423076923076,0.9166666666666666,0.3221692810554765,True
post_hoc_extension_float32_v4,52,4,5,52301228,1248,312,90,38,0.0304487179487179,0.9230769230769232,0.2932503518232829,True
post_hoc_extension_float32_v4,52,5,1,52310833,1248,312,94,38,0.0304487179487179,0.908653846153846,0.3407427244655127,True
post_hoc_extension_float32_v4,52,5,2,52310934,1248,312,88,29,0.0232371794871794,0.9134615384615384,0.3508430718132986,True
post_hoc_extension_float32_v4,52,5,3,52311035,1248,312,90,31,0.0248397435897435,0.9262820512820512,0.3057929041123425,True
post_hoc_extension_float32_v4,52,5,4,52311136,1248,312,85,34,0.0272435897435897,0.9150641025641024,0.2804536893531713,True
post_hoc_extension_float32_v4,52,5,5,52311237,1248,312,90,38,0.0304487179487179,0.9006410256410257,0.348478202176293,True
post_hoc_extension_float32_v4,53,1,1,53270800,1248,312,88,32,0.0256410256410256,0.9174679487179488,0.3180378082141455,True
post_hoc_extension_float32_v4,53,1,2,53270901,1248,312,89,29,0.0232371794871794,0.9166666666666666,0.335873118821524,True
post_hoc_extension_float32_v4,53,1,3,53271002,1248,312,87,31,0.0248397435897435,0.9126602564102564,0.3377596177811816,True
post_hoc_extension_float32_v4,53,1,4,53271103,1248,312,95,40,0.032051282051282,0.907051282051282,0.3587030138404442,True
post_hoc_extension_float32_v4,53,1,5,53271204,1248,312,87,30,0.0240384615384615,0.9094551282051282,0.3168083279134866,True
post_hoc_extension_float32_v4,53,2,1,53280809,1248,312,87,27,0.0216346153846153,0.9214743589743588,0.3849321751339123,True
post_hoc_extension_float32_v4,53,2,2,53280910,1248,312,93,36,0.0288461538461538,0.9166666666666666,0.3105883153817035,True
post_hoc_extension_float32_v4,53,2,3,53281011,1248,312,87,31,0.0248397435897435,0.9094551282051282,0.3976807844664763,True
post_hoc_extension_float32_v4,53,2,4,53281112,1248,312,91,39,0.03125,0.9110576923076924,0.348538378148444,True
post_hoc_extension_float32_v4,53,2,5,53281213,1248,312,89,36,0.0288461538461538,0.9126602564102564,0.2410398965123417,True
post_hoc_extension_float32_v4,53,3,1,53290818,1248,312,90,32,0.0256410256410256,0.9134615384615384,0.3321805984437981,True
post_hoc_extension_float32_v4,53,3,2,53290919,1248,312,87,33,0.0264423076923076,0.907051282051282,0.3232231999603298,True
post_hoc_extension_float32_v4,53,3,3,53291020,1248,312,90,36,0.0288461538461538,0.9238782051282052,0.2818722557638705,True
post_hoc_extension_float32_v4,53,3,4,53291121,1248,312,85,33,0.0264423076923076,0.9174679487179488,0.3455378475258698,True
post_hoc_extension_float32_v4,53,3,5,53291222,1248,312,92,36,0.0288461538461538,0.9174679487179488,0.3433929389399733,True
post_hoc_extension_float32_v4,53,4,1,53300827,1248,312,85,27,0.0216346153846153,0.9126602564102564,0.3469471246758459,True
post_hoc_extension_float32_v4,53,4,2,53300928,1248,312,93,33,0.0264423076923076,0.9222756410256412,0.2921963103413411,True
post_hoc_extension_float32_v4,53,4,3,53301029,1248,312,85,29,0.0232371794871794,0.9198717948717948,0.373684135155866,True
post_hoc_extension_float32_v4,53,4,4,53301130,1248,312,89,33,0.0264423076923076,0.9182692307692308,0.2752507325992648,True
post_hoc_extension_float32_v4,53,4,5,53301231,1248,312,90,38,0.0304487179487179,0.9158653846153846,0.2711327446011566,True
post_hoc_extension_float32_v4,53,5,1,53310836,1248,312,94,38,0.0304487179487179,0.904647435897436,0.3251708822083147,True
post_hoc_extension_float32_v4,53,5,2,53310937,1248,312,88,29,0.0232371794871794,0.908653846153846,0.3944603458436563,True
post_hoc_extension_float32_v4,53,5,3,53311038,1248,312,90,31,0.0248397435897435,0.9198717948717948,0.3271204397149437,True
post_hoc_extension_float32_v4,53,5,4,53311139,1248,312,85,34,0.0272435897435897,0.9182692307692308,0.3157131094320827,True
post_hoc_extension_float32_v4,53,5,5,53311240,1248,312,90,38,0.0304487179487179,0.9134615384615384,0.336678389052543,True
post_hoc_extension_float32_v4,54,1,1,54270803,1248,312,88,32,0.0256410256410256,0.9150641025641024,0.2700115734024233,True
post_hoc_extension_float32_v4,54,1,2,54270904,1248,312,89,29,0.0232371794871794,0.9158653846153846,0.2798831311111195,True
post_hoc_extension_float32_v4,54,1,3,54271005,1248,312,87,31,0.0248397435897435,0.9126602564102564,0.3417954891051663,True
post_hoc_extension_float32_v4,54,1,4,54271106,1248,312,95,40,0.032051282051282,0.9134615384615384,0.3895492570547195,True
post_hoc_extension_float32_v4,54,1,5,54271207,1248,312,87,30,0.0240384615384615,0.9182692307692308,0.3205963514799721,True
post_hoc_extension_float32_v4,54,2,1,54280812,1248,312,87,27,0.0216346153846153,0.9246794871794872,0.3603568774185025,True
post_hoc_extension_float32_v4,54,2,2,54280913,1248,312,93,36,0.0288461538461538,0.9014423076923076,0.4042528820705908,True
post_hoc_extension_float32_v4,54,2,3,54281014,1248,312,87,31,0.0248397435897435,0.9118589743589745,0.3352532643764783,True
post_hoc_extension_float32_v4,54,2,4,54281115,1248,312,91,39,0.03125,0.903846153846154,0.3310943075891057,True
post_hoc_extension_float32_v4,54,2,5,54281216,1248,312,89,36,0.0288461538461538,0.9150641025641024,0.252187718486752,True
post_hoc_extension_float32_v4,54,3,1,54290821,1248,312,90,32,0.0256410256410256,0.9174679487179488,0.3666052308276284,True
post_hoc_extension_float32_v4,54,3,2,54290922,1248,312,87,33,0.0264423076923076,0.9022435897435898,0.3198715761100243,True
post_hoc_extension_float32_v4,54,3,3,54291023,1248,312,90,36,0.0288461538461538,0.90625,0.2659754927533347,True
post_hoc_extension_float32_v4,54,3,4,54291124,1248,312,85,33,0.0264423076923076,0.9134615384615384,0.3215793905318442,True
post_hoc_extension_float32_v4,54,3,5,54291225,1248,312,92,36,0.0288461538461538,0.9198717948717948,0.3460611372922556,True
post_hoc_extension_float32_v4,54,4,1,54300830,1248,312,85,27,0.0216346153846153,0.9174679487179488,0.3946941056334816,True
post_hoc_extension_float32_v4,54,4,2,54300931,1248,312,93,33,0.0264423076923076,0.9110576923076924,0.2792035828725682,True
post_hoc_extension_float32_v4,54,4,3,54301032,1248,312,85,29,0.0232371794871794,0.9222756410256412,0.3315999285953539,True
post_hoc_extension_float32_v4,54,4,4,54301133,1248,312,89,33,0.0264423076923076,0.904647435897436,0.378240140117058,True
post_hoc_extension_float32_v4,54,4,5,54301234,1248,312,90,38,0.0304487179487179,0.9134615384615384,0.3145302744653596,True
post_hoc_extension_float32_v4,54,5,1,54310839,1248,312,94,38,0.0304487179487179,0.907051282051282,0.2914047796408253,True
post_hoc_extension_float32_v4,54,5,2,54310940,1248,312,88,29,0.0232371794871794,0.9206730769230768,0.3410737767875864,True
post_hoc_extension_float32_v4,54,5,3,54311041,1248,312,90,31,0.0248397435897435,0.9102564102564102,0.3677995338351386,True
post_hoc_extension_float32_v4,54,5,4,54311142,1248,312,85,34,0.0272435897435897,0.9118589743589745,0.3726755251915846,True
post_hoc_extension_float32_v4,54,5,5,54311243,1248,312,90,38,0.0304487179487179,0.908653846153846,0.3220215125929861,True
post_hoc_extension_float32_v4,55,1,1,55270806,1248,312,88,32,0.0256410256410256,0.9190705128205128,0.3431254954993478,True
post_hoc_extension_float32_v4,55,1,2,55270907,1248,312,89,29,0.0232371794871794,0.9118589743589745,0.3293205430180771,True
post_hoc_extension_float32_v4,55,1,3,55271008,1248,312,87,31,0.0248397435897435,0.9094551282051282,0.3698077576684448,True
post_hoc_extension_float32_v4,55,1,4,55271109,1248,312,95,40,0.032051282051282,0.8974358974358975,0.3935486010895435,True
post_hoc_extension_float32_v4,55,1,5,55271210,1248,312,87,30,0.0240384615384615,0.9030448717948718,0.3024793388057593,True
post_hoc_extension_float32_v4,55,2,1,55280815,1248,312,87,27,0.0216346153846153,0.904647435897436,0.3358408206443981,True
post_hoc_extension_float32_v4,55,2,2,55280916,1248,312,93,36,0.0288461538461538,0.90625,0.3607492626134211,True
post_hoc_extension_float32_v4,55,2,3,55281017,1248,312,87,31,0.0248397435897435,0.9142628205128204,0.3234024589418373,True
post_hoc_extension_float32_v4,55,2,4,55281118,1248,312,91,39,0.03125,0.9094551282051282,0.3138779422971094,True
post_hoc_extension_float32_v4,55,2,5,55281219,1248,312,89,36,0.0288461538461538,0.908653846153846,0.2926835257245959,True
post_hoc_extension_float32_v4,55,3,1,55290824,1248,312,90,32,0.0256410256410256,0.9006410256410257,0.3486238208033829,True
post_hoc_extension_float32_v4,55,3,2,55290925,1248,312,87,33,0.0264423076923076,0.8982371794871795,0.3575476428146225,True
post_hoc_extension_float32_v4,55,3,3,55291026,1248,312,90,36,0.0288461538461538,0.9174679487179488,0.2701735499663178,True
post_hoc_extension_float32_v4,55,3,4,55291127,1248,312,85,33,0.0264423076923076,0.9094551282051282,0.3302065651374202,True
post_hoc_extension_float32_v4,55,3,5,55291228,1248,312,92,36,0.0288461538461538,0.9118589743589745,0.3309969101055302,True
post_hoc_extension_float32_v4,55,4,1,55300833,1248,312,85,27,0.0216346153846153,0.908653846153846,0.3649074397889066,True
post_hoc_extension_float32_v4,55,4,2,55300934,1248,312,93,33,0.0264423076923076,0.908653846153846,0.2990050923845129,True
post_hoc_extension_float32_v4,55,4,3,55301035,1248,312,85,29,0.0232371794871794,0.9150641025641024,0.3845303265537768,True
post_hoc_extension_float32_v4,55,4,4,55301136,1248,312,89,33,0.0264423076923076,0.90625,0.3132867564643882,True
post_hoc_extension_float32_v4,55,4,5,55301237,1248,312,90,38,0.0304487179487179,0.9134615384615384,0.3609202600811437,True
post_hoc_extension_float32_v4,55,5,1,55310842,1248,312,94,38,0.0304487179487179,0.9014423076923076,0.3096437184603361,True
post_hoc_extension_float32_v4,55,5,2,55310943,1248,312,88,29,0.0232371794871794,0.90625,0.3314808815174304,True
post_hoc_extension_float32_v4,55,5,3,55311044,1248,312,90,31,0.0248397435897435,0.9006410256410257,0.3554761950553523,True
post_hoc_extension_float32_v4,55,5,4,55311145,1248,312,85,34,0.0272435897435897,0.9126602564102564,0.3083742562065393,True
post_hoc_extension_float32_v4,55,5,5,55311246,1248,312,90,38,0.0304487179487179,0.9142628205128204,0.3379952123690214,True
post_hoc_extension_float32_v4,56,1,1,56270809,1248,312,88,32,0.0256410256410256,0.908653846153846,0.3097215663929761,True
post_hoc_extension_float32_v4,56,1,2,56270910,1248,312,89,29,0.0232371794871794,0.9174679487179488,0.2765195009988657,True
post_hoc_extension_float32_v4,56,1,3,56271011,1248,312,87,31,0.0248397435897435,0.9126602564102564,0.3558514179746476,True
post_hoc_extension_float32_v4,56,1,4,56271112,1248,312,95,40,0.032051282051282,0.904647435897436,0.3486187545842854,True
post_hoc_extension_float32_v4,56,1,5,56271213,1248,312,87,30,0.0240384615384615,0.905448717948718,0.3258107502003212,True
post_hoc_extension_float32_v4,56,2,1,56280818,1248,312,87,27,0.0216346153846153,0.9174679487179488,0.3823399494098227,True
post_hoc_extension_float32_v4,56,2,2,56280919,1248,312,93,36,0.0288461538461538,0.9102564102564102,0.2986026442051527,True
post_hoc_extension_float32_v4,56,2,3,56281020,1248,312,87,31,0.0248397435897435,0.9022435897435898,0.3725129508057699,True
post_hoc_extension_float32_v4,56,2,4,56281121,1248,312,91,39,0.03125,0.908653846153846,0.3470293747761707,True
post_hoc_extension_float32_v4,56,2,5,56281222,1248,312,89,36,0.0288461538461538,0.9126602564102564,0.3151061114181119,True
post_hoc_extension_float32_v4,56,3,1,56290827,1248,312,90,32,0.0256410256410256,0.9158653846153846,0.362149815253363,True
post_hoc_extension_float32_v4,56,3,2,56290928,1248,312,87,33,0.0264423076923076,0.9134615384615384,0.3054546872049546,True
post_hoc_extension_float32_v4,56,3,3,56291029,1248,312,90,36,0.0288461538461538,0.9118589743589745,0.3155780810271078,True
post_hoc_extension_float32_v4,56,3,4,56291130,1248,312,85,33,0.0264423076923076,0.9262820512820512,0.301474885231771,True
post_hoc_extension_float32_v4,56,3,5,56291231,1248,312,92,36,0.0288461538461538,0.9110576923076924,0.3842936892811722,True
post_hoc_extension_float32_v4,56,4,1,56300836,1248,312,85,27,0.0216346153846153,0.9134615384615384,0.3277250442403334,True
post_hoc_extension_float32_v4,56,4,2,56300937,1248,312,93,33,0.0264423076923076,0.9022435897435898,0.2881525337797149,True
post_hoc_extension_float32_v4,56,4,3,56301038,1248,312,85,29,0.0232371794871794,0.9118589743589745,0.3774520977129445,True
post_hoc_extension_float32_v4,56,4,4,56301139,1248,312,89,33,0.0264423076923076,0.8958333333333334,0.330135900185687,True
post_hoc_extension_float32_v4,56,4,5,56301240,1248,312,90,38,0.0304487179487179,0.9214743589743588,0.2510590169249636,True
post_hoc_extension_float32_v4,56,5,1,56310845,1248,312,94,38,0.0304487179487179,0.8910256410256411,0.3290501033192841,True
post_hoc_extension_float32_v4,56,5,2,56310946,1248,312,88,29,0.0232371794871794,0.9110576923076924,0.3441161783160618,True
post_hoc_extension_float32_v4,56,5,3,56311047,1248,312,90,31,0.0248397435897435,0.9102564102564102,0.3393015672509066,True
post_hoc_extension_float32_v4,56,5,4,56311148,1248,312,85,34,0.0272435897435897,0.9182692307692308,0.3266882317584854,True
post_hoc_extension_float32_v4,56,5,5,56311249,1248,312,90,38,0.0304487179487179,0.9190705128205128,0.2740801833665254,True
post_hoc_extension_float32_v4,57,1,1,57270812,1248,312,88,32,0.0256410256410256,0.907852564102564,0.2935383994673318,True
post_hoc_extension_float32_v4,57,1,2,57270913,1248,312,89,29,0.0232371794871794,0.9110576923076924,0.3594741496069709,True
post_hoc_extension_float32_v4,57,1,3,57271014,1248,312,87,31,0.0248397435897435,0.907852564102564,0.3263712443336311,True
post_hoc_extension_float32_v4,57,1,4,57271115,1248,312,95,40,0.032051282051282,0.9014423076923076,0.3858495525868353,True
post_hoc_extension_float32_v4,57,1,5,57271216,1248,312,87,30,0.0240384615384615,0.9150641025641024,0.2895077724882579,True
post_hoc_extension_float32_v4,57,2,1,57280821,1248,312,87,27,0.0216346153846153,0.9150641025641024,0.369801010698437,True
post_hoc_extension_float32_v4,57,2,2,57280922,1248,312,93,36,0.0288461538461538,0.905448717948718,0.3518786311010227,True
post_hoc_extension_float32_v4,57,2,3,57281023,1248,312,87,31,0.0248397435897435,0.9110576923076924,0.366285642321155,True
post_hoc_extension_float32_v4,57,2,4,57281124,1248,312,91,39,0.03125,0.904647435897436,0.3302185175941193,True
post_hoc_extension_float32_v4,57,2,5,57281225,1248,312,89,36,0.0288461538461538,0.9030448717948718,0.3038155637035443,True
post_hoc_extension_float32_v4,57,3,1,57290830,1248,312,90,32,0.0256410256410256,0.908653846153846,0.3683715953571617,True
post_hoc_extension_float32_v4,57,3,2,57290931,1248,312,87,33,0.0264423076923076,0.9182692307692308,0.3202495093418859,True
post_hoc_extension_float32_v4,57,3,3,57291032,1248,312,90,36,0.0288461538461538,0.9150641025641024,0.2695775596115994,True
post_hoc_extension_float32_v4,57,3,4,57291133,1248,312,85,33,0.0264423076923076,0.9126602564102564,0.3495905947224875,True
post_hoc_extension_float32_v4,57,3,5,57291234,1248,312,92,36,0.0288461538461538,0.9110576923076924,0.3422924328439308,True
post_hoc_extension_float32_v4,57,4,1,57300839,1248,312,85,27,0.0216346153846153,0.9158653846153846,0.3607339881713127,True
post_hoc_extension_float32_v4,57,4,2,57300940,1248,312,93,33,0.0264423076923076,0.9158653846153846,0.3364523247391876,True
post_hoc_extension_float32_v4,57,4,3,57301041,1248,312,85,29,0.0232371794871794,0.9006410256410257,0.3900997531366574,True
post_hoc_extension_float32_v4,57,4,4,57301142,1248,312,89,33,0.0264423076923076,0.9230769230769232,0.3534394715999581,True
post_hoc_extension_float32_v4,57,4,5,57301243,1248,312,90,38,0.0304487179487179,0.9190705128205128,0.3461986739989579,True
post_hoc_extension_float32_v4,57,5,1,57310848,1248,312,94,38,0.0304487179487179,0.9022435897435898,0.3309481593513268,True
post_hoc_extension_float32_v4,57,5,2,57310949,1248,312,88,29,0.0232371794871794,0.9206730769230768,0.3555395556063048,True
post_hoc_extension_float32_v4,57,5,3,57311050,1248,312,90,31,0.0248397435897435,0.9102564102564102,0.2818835767429432,True
post_hoc_extension_float32_v4,57,5,4,57311151,1248,312,85,34,0.0272435897435897,0.908653846153846,0.355875948816038,True
post_hoc_extension_float32_v4,57,5,5,57311252,1248,312,90,38,0.0304487179487179,0.9102564102564102,0.3416053363866506,True
post_hoc_extension_float32_v4,58,1,1,58270815,1248,312,88,32,0.0256410256410256,0.9134615384615384,0.3183175004271956,True
post_hoc_extension_float32_v4,58,1,2,58270916,1248,312,89,29,0.0232371794871794,0.9094551282051282,0.2865743390510541,True
post_hoc_extension_float32_v4,58,1,3,58271017,1248,312,87,31,0.0248397435897435,0.9134615384615384,0.3621334410992157,True
post_hoc_extension_float32_v4,58,1,4,58271118,1248,312,95,40,0.032051282051282,0.9102564102564102,0.3588466607455721,True
post_hoc_extension_float32_v4,58,1,5,58271219,1248,312,87,30,0.0240384615384615,0.9118589743589745,0.3337426948614418,True
post_hoc_extension_float32_v4,58,2,1,58280824,1248,312,87,27,0.0216346153846153,0.9206730769230768,0.3492691538424339,True
post_hoc_extension_float32_v4,58,2,2,58280925,1248,312,93,36,0.0288461538461538,0.9126602564102564,0.2726115822190783,True
post_hoc_extension_float32_v4,58,2,3,58281026,1248,312,87,31,0.0248397435897435,0.9134615384615384,0.3526007927443857,True
post_hoc_extension_float32_v4,58,2,4,58281127,1248,312,91,39,0.03125,0.9094551282051282,0.3301809547546712,True
post_hoc_extension_float32_v4,58,2,5,58281228,1248,312,89,36,0.0288461538461538,0.9126602564102564,0.2751004518481669,True
post_hoc_extension_float32_v4,58,3,1,58290833,1248,312,90,32,0.0256410256410256,0.9102564102564102,0.3016674074416223,True
post_hoc_extension_float32_v4,58,3,2,58290934,1248,312,87,33,0.0264423076923076,0.905448717948718,0.267276072058759,True
post_hoc_extension_float32_v4,58,3,3,58291035,1248,312,90,36,0.0288461538461538,0.9134615384615384,0.285772195814602,True
post_hoc_extension_float32_v4,58,3,4,58291136,1248,312,85,33,0.0264423076923076,0.9270833333333334,0.321425230380674,True
post_hoc_extension_float32_v4,58,3,5,58291237,1248,312,92,36,0.0288461538461538,0.9102564102564102,0.3691728326709009,True
post_hoc_extension_float32_v4,58,4,1,58300842,1248,312,85,27,0.0216346153846153,0.9094551282051282,0.3458835680569301,True
post_hoc_extension_float32_v4,58,4,2,58300943,1248,312,93,33,0.0264423076923076,0.8918269230769231,0.3217470639825299,True
post_hoc_extension_float32_v4,58,4,3,58301044,1248,312,85,29,0.0232371794871794,0.9142628205128204,0.3214334759985839,True
post_hoc_extension_float32_v4,58,4,4,58301145,1248,312,89,33,0.0264423076923076,0.9238782051282052,0.3340681368939004,True
post_hoc_extension_float32_v4,58,4,5,58301246,1248,312,90,38,0.0304487179487179,0.9182692307692308,0.3028857198084766,True
post_hoc_extension_float32_v4,58,5,1,58310851,1248,312,94,38,0.0304487179487179,0.9118589743589745,0.3120151974266146,True
post_hoc_extension_float32_v4,58,5,2,58310952,1248,312,88,29,0.0232371794871794,0.9118589743589745,0.370334792372511,True
post_hoc_extension_float32_v4,58,5,3,58311053,1248,312,90,31,0.0248397435897435,0.9214743589743588,0.3479049494554596,True
post_hoc_extension_float32_v4,58,5,4,58311154,1248,312,85,34,0.0272435897435897,0.90625,0.3487416674579787,True
post_hoc_extension_float32_v4,58,5,5,58311255,1248,312,90,38,0.0304487179487179,0.9126602564102564,0.3240464547664631,True
post_hoc_extension_float32_v4,59,1,1,59270818,1248,312,88,32,0.0256410256410256,0.9030448717948718,0.3494797303247888,True
post_hoc_extension_float32_v4,59,1,2,59270919,1248,312,89,29,0.0232371794871794,0.9150641025641024,0.3372579881482469,True
post_hoc_extension_float32_v4,59,1,3,59271020,1248,312,87,31,0.0248397435897435,0.9102564102564102,0.3424677131388365,True
post_hoc_extension_float32_v4,59,1,4,59271121,1248,312,95,40,0.032051282051282,0.8990384615384616,0.3643668535352111,True
post_hoc_extension_float32_v4,59,1,5,59271222,1248,312,87,30,0.0240384615384615,0.9262820512820512,0.2984060889225034,True
post_hoc_extension_float32_v4,59,2,1,59280827,1248,312,87,27,0.0216346153846153,0.9238782051282052,0.328405987964242,True
post_hoc_extension_float32_v4,59,2,2,59280928,1248,312,93,36,0.0288461538461538,0.904647435897436,0.3324398109693559,True
post_hoc_extension_float32_v4,59,2,3,59281029,1248,312,87,31,0.0248397435897435,0.9198717948717948,0.4065315384753161,True
post_hoc_extension_float32_v4,59,2,4,59281130,1248,312,91,39,0.03125,0.9030448717948718,0.3434748411321639,True
post_hoc_extension_float32_v4,59,2,5,59281231,1248,312,89,36,0.0288461538461538,0.9166666666666666,0.3034499266618639,True
post_hoc_extension_float32_v4,59,3,1,59290836,1248,312,90,32,0.0256410256410256,0.907051282051282,0.2962736245375924,True
post_hoc_extension_float32_v4,59,3,2,59290937,1248,312,87,33,0.0264423076923076,0.9118589743589745,0.3099644915968594,True
post_hoc_extension_float32_v4,59,3,3,59291038,1248,312,90,36,0.0288461538461538,0.908653846153846,0.3140174082028614,True
post_hoc_extension_float32_v4,59,3,4,59291139,1248,312,85,33,0.0264423076923076,0.9174679487179488,0.285578427768892,True
post_hoc_extension_float32_v4,59,3,5,59291240,1248,312,92,36,0.0288461538461538,0.9134615384615384,0.3226990858961088,True
post_hoc_extension_float32_v4,59,4,1,59300845,1248,312,85,27,0.0216346153846153,0.9134615384615384,0.3930884951007801,True
post_hoc_extension_float32_v4,59,4,2,59300946,1248,312,93,33,0.0264423076923076,0.908653846153846,0.3133961400813266,True
post_hoc_extension_float32_v4,59,4,3,59301047,1248,312,85,29,0.0232371794871794,0.9142628205128204,0.3519015657090093,True
post_hoc_extension_float32_v4,59,4,4,59301148,1248,312,89,33,0.0264423076923076,0.9206730769230768,0.2768473392247866,True
post_hoc_extension_float32_v4,59,4,5,59301249,1248,312,90,38,0.0304487179487179,0.9150641025641024,0.3829177578369867,True
post_hoc_extension_float32_v4,59,5,1,59310854,1248,312,94,38,0.0304487179487179,0.9118589743589745,0.2944242811594995,True
post_hoc_extension_float32_v4,59,5,2,59310955,1248,312,88,29,0.0232371794871794,0.9222756410256412,0.3130973778643133,True
post_hoc_extension_float32_v4,59,5,3,59311056,1248,312,90,31,0.0248397435897435,0.9174679487179488,0.2915179032826753,True
post_hoc_extension_float32_v4,59,5,4,59311157,1248,312,85,34,0.0272435897435897,0.9174679487179488,0.3195633788456351,True
post_hoc_extension_float32_v4,59,5,5,59311258,1248,312,90,38,0.0304487179487179,0.903846153846154,0.3813438646005623,True
post_hoc_extension_float32_v4,60,1,1,60270821,1248,312,88,32,0.0256410256410256,0.9150641025641024,0.2977284195028396,True
post_hoc_extension_float32_v4,60,1,2,60270922,1248,312,89,29,0.0232371794871794,0.9102564102564102,0.3321287027244899,True
post_hoc_extension_float32_v4,60,1,3,60271023,1248,312,87,31,0.0248397435897435,0.9118589743589745,0.3683813565627096,True
post_hoc_extension_float32_v4,60,1,4,60271124,1248,312,95,40,0.032051282051282,0.908653846153846,0.3907536165109574,True
post_hoc_extension_float32_v4,60,1,5,60271225,1248,312,87,30,0.0240384615384615,0.9158653846153846,0.3004230835390642,True
post_hoc_extension_float32_v4,60,2,1,60280830,1248,312,87,27,0.0216346153846153,0.9118589743589745,0.3818790244263102,True
post_hoc_extension_float32_v4,60,2,2,60280931,1248,312,93,36,0.0288461538461538,0.9022435897435898,0.3147343106408404,True
post_hoc_extension_float32_v4,60,2,3,60281032,1248,312,87,31,0.0248397435897435,0.9166666666666666,0.3393721827782381,True
post_hoc_extension_float32_v4,60,2,4,60281133,1248,312,91,39,0.03125,0.9166666666666666,0.3137650824050733,True
post_hoc_extension_float32_v4,60,2,5,60281234,1248,312,89,36,0.0288461538461538,0.908653846153846,0.2862182325975821,True
post_hoc_extension_float32_v4,60,3,1,60290839,1248,312,90,32,0.0256410256410256,0.908653846153846,0.3425760197432591,True
post_hoc_extension_float32_v4,60,3,2,60290940,1248,312,87,33,0.0264423076923076,0.9110576923076924,0.3235234980441065,True
post_hoc_extension_float32_v4,60,3,3,60291041,1248,312,90,36,0.0288461538461538,0.9110576923076924,0.2402869539524209,True
post_hoc_extension_float32_v4,60,3,4,60291142,1248,312,85,33,0.0264423076923076,0.9190705128205128,0.3582841096208723,True
post_hoc_extension_float32_v4,60,3,5,60291243,1248,312,92,36,0.0288461538461538,0.9126602564102564,0.3271005611173558,True
post_hoc_extension_float32_v4,60,4,1,60300848,1248,312,85,27,0.0216346153846153,0.9102564102564102,0.3788976219180817,True
post_hoc_extension_float32_v4,60,4,2,60300949,1248,312,93,33,0.0264423076923076,0.9126602564102564,0.333212374275315,True
post_hoc_extension_float32_v4,60,4,3,60301050,1248,312,85,29,0.0232371794871794,0.9158653846153846,0.3481666360568938,True
post_hoc_extension_float32_v4,60,4,4,60301151,1248,312,89,33,0.0264423076923076,0.9110576923076924,0.3340407037381025,True
post_hoc_extension_float32_v4,60,4,5,60301252,1248,312,90,38,0.0304487179487179,0.9286858974358976,0.3390770544740673,True
post_hoc_extension_float32_v4,60,5,1,60310857,1248,312,94,38,0.0304487179487179,0.905448717948718,0.2878991429718037,True
post_hoc_extension_float32_v4,60,5,2,60310958,1248,312,88,29,0.0232371794871794,0.9182692307692308,0.3802889959653398,True
post_hoc_extension_float32_v4,60,5,3,60311059,1248,312,90,31,0.0248397435897435,0.9254807692307692,0.3295514787028573,True
post_hoc_extension_float32_v4,60,5,4,60311160,1248,312,85,34,0.0272435897435897,0.90625,0.3616683328278224,True
post_hoc_extension_float32_v4,60,5,5,60311261,1248,312,90,38,0.0304487179487179,0.90625,0.3341487846838498,True
post_hoc_extension_float32_v4,61,1,1,61270824,1248,312,88,32,0.0256410256410256,0.9134615384615384,0.3198660944462983,True
post_hoc_extension_float32_v4,61,1,2,61270925,1248,312,89,29,0.0232371794871794,0.9150641025641024,0.3274834920023142,True
post_hoc_extension_float32_v4,61,1,3,61271026,1248,312,87,31,0.0248397435897435,0.9118589743589745,0.3720215710083405,True
post_hoc_extension_float32_v4,61,1,4,61271127,1248,312,95,40,0.032051282051282,0.9206730769230768,0.3647112114401298,True
post_hoc_extension_float32_v4,61,1,5,61271228,1248,312,87,30,0.0240384615384615,0.9134615384615384,0.334352035466623,True
post_hoc_extension_float32_v4,61,2,1,61280833,1248,312,87,27,0.0216346153846153,0.9134615384615384,0.348569866817188,True
post_hoc_extension_float32_v4,61,2,2,61280934,1248,312,93,36,0.0288461538461538,0.90625,0.3181321281420076,True
post_hoc_extension_float32_v4,61,2,3,61281035,1248,312,87,31,0.0248397435897435,0.9134615384615384,0.3900730555015619,True
post_hoc_extension_float32_v4,61,2,4,61281136,1248,312,91,39,0.03125,0.9110576923076924,0.3341776253830257,True
post_hoc_extension_float32_v4,61,2,5,61281237,1248,312,89,36,0.0288461538461538,0.908653846153846,0.3003864402399484,True
post_hoc_extension_float32_v4,61,3,1,61290842,1248,312,90,32,0.0256410256410256,0.9110576923076924,0.3855735979002037,True
post_hoc_extension_float32_v4,61,3,2,61290943,1248,312,87,33,0.0264423076923076,0.90625,0.2775356836376584,True
post_hoc_extension_float32_v4,61,3,3,61291044,1248,312,90,36,0.0288461538461538,0.907051282051282,0.2738841599860725,True
post_hoc_extension_float32_v4,61,3,4,61291145,1248,312,85,33,0.0264423076923076,0.9142628205128204,0.3647758219670749,True
post_hoc_extension_float32_v4,61,3,5,61291246,1248,312,92,36,0.0288461538461538,0.9166666666666666,0.3592835237353298,True
post_hoc_extension_float32_v4,61,4,1,61300851,1248,312,85,27,0.0216346153846153,0.9150641025641024,0.3372331286871956,True
post_hoc_extension_float32_v4,61,4,2,61300952,1248,312,93,33,0.0264423076923076,0.9014423076923076,0.2783477520552347,True
post_hoc_extension_float32_v4,61,4,3,61301053,1248,312,85,29,0.0232371794871794,0.905448717948718,0.357960922566667,True
post_hoc_extension_float32_v4,61,4,4,61301154,1248,312,89,33,0.0264423076923076,0.9030448717948718,0.3229445597350228,True
post_hoc_extension_float32_v4,61,4,5,61301255,1248,312,90,38,0.0304487179487179,0.9126602564102564,0.3658591653577876,True
post_hoc_extension_float32_v4,61,5,1,61310860,1248,312,94,38,0.0304487179487179,0.9030448717948718,0.3560407684582218,True
post_hoc_extension_float32_v4,61,5,2,61310961,1248,312,88,29,0.0232371794871794,0.9254807692307692,0.3369487759986612,True
post_hoc_extension_float32_v4,61,5,3,61311062,1248,312,90,31,0.0248397435897435,0.9126602564102564,0.3068650925007363,True
post_hoc_extension_float32_v4,61,5,4,61311163,1248,312,85,34,0.0272435897435897,0.9150641025641024,0.3368880354431386,True
post_hoc_extension_float32_v4,61,5,5,61311264,1248,312,90,38,0.0304487179487179,0.9014423076923076,0.3358782431655218,True
post_hoc_extension_float32_v4,62,1,1,62270827,1248,312,88,32,0.0256410256410256,0.9158653846153846,0.282769660155248,True
post_hoc_extension_float32_v4,62,1,2,62270928,1248,312,89,29,0.0232371794871794,0.9214743589743588,0.2645242244160332,True
post_hoc_extension_float32_v4,62,1,3,62271029,1248,312,87,31,0.0248397435897435,0.9214743589743588,0.3336995536131713,True
post_hoc_extension_float32_v4,62,1,4,62271130,1248,312,95,40,0.032051282051282,0.9030448717948718,0.3526038016832608,True
post_hoc_extension_float32_v4,62,1,5,62271231,1248,312,87,30,0.0240384615384615,0.9126602564102564,0.2834180284873971,True
post_hoc_extension_float32_v4,62,2,1,62280836,1248,312,87,27,0.0216346153846153,0.907051282051282,0.3699509700158427,True
post_hoc_extension_float32_v4,62,2,2,62280937,1248,312,93,36,0.0288461538461538,0.9110576923076924,0.3032065293640776,True
post_hoc_extension_float32_v4,62,2,3,62281038,1248,312,87,31,0.0248397435897435,0.9094551282051282,0.3239076278292848,True
post_hoc_extension_float32_v4,62,2,4,62281139,1248,312,91,39,0.03125,0.9158653846153846,0.3409909727105124,True
post_hoc_extension_float32_v4,62,2,5,62281240,1248,312,89,36,0.0288461538461538,0.9254807692307692,0.2921578668832408,True
post_hoc_extension_float32_v4,62,3,1,62290845,1248,312,90,32,0.0256410256410256,0.903846153846154,0.3439754510846837,True
post_hoc_extension_float32_v4,62,3,2,62290946,1248,312,87,33,0.0264423076923076,0.9102564102564102,0.2929213457806379,True
post_hoc_extension_float32_v4,62,3,3,62291047,1248,312,90,36,0.0288461538461538,0.908653846153846,0.2603781563400651,True
post_hoc_extension_float32_v4,62,3,4,62291148,1248,312,85,33,0.0264423076923076,0.9198717948717948,0.303538682658416,True
post_hoc_extension_float32_v4,62,3,5,62291249,1248,312,92,36,0.0288461538461538,0.9102564102564102,0.3566819637447066,True
post_hoc_extension_float32_v4,62,4,1,62300854,1248,312,85,27,0.0216346153846153,0.903846153846154,0.3549701094087629,True
post_hoc_extension_float32_v4,62,4,2,62300955,1248,312,93,33,0.0264423076923076,0.9094551282051282,0.2772407502312199,True
post_hoc_extension_float32_v4,62,4,3,62301056,1248,312,85,29,0.0232371794871794,0.9102564102564102,0.3241280082432966,True
post_hoc_extension_float32_v4,62,4,4,62301157,1248,312,89,33,0.0264423076923076,0.9110576923076924,0.2659399018997983,True
post_hoc_extension_float32_v4,62,4,5,62301258,1248,312,90,38,0.0304487179487179,0.9190705128205128,0.3221581251936986,True
post_hoc_extension_float32_v4,62,5,1,62310863,1248,312,94,38,0.0304487179487179,0.9014423076923076,0.3275165152798446,True
post_hoc_extension_float32_v4,62,5,2,62310964,1248,312,88,29,0.0232371794871794,0.9190705128205128,0.2850396555273231,True
post_hoc_extension_float32_v4,62,5,3,62311065,1248,312,90,31,0.0248397435897435,0.9158653846153846,0.2886696575122495,True
post_hoc_extension_float32_v4,62,5,4,62311166,1248,312,85,34,0.0272435897435897,0.9022435897435898,0.3392662662573436,True
post_hoc_extension_float32_v4,62,5,5,62311267,1248,312,90,38,0.0304487179487179,0.9022435897435898,0.3540254708238029,True
post_hoc_extension_float32_v4,63,1,1,63270830,1248,312,88,32,0.0256410256410256,0.907852564102564,0.3239810615987454,True
post_hoc_extension_float32_v4,63,1,2,63270931,1248,312,89,29,0.0232371794871794,0.9166666666666666,0.3069080860277945,True
post_hoc_extension_float32_v4,63,1,3,63271032,1248,312,87,31,0.0248397435897435,0.8998397435897436,0.3222465718944158,True
post_hoc_extension_float32_v4,63,1,4,63271133,1248,312,95,40,0.032051282051282,0.9110576923076924,0.3264915665266094,True
post_hoc_extension_float32_v4,63,1,5,63271234,1248,312,87,30,0.0240384615384615,0.9214743589743588,0.2920583781081045,True
post_hoc_extension_float32_v4,63,2,1,63280839,1248,312,87,27,0.0216346153846153,0.9166666666666666,0.3804385546299785,True
post_hoc_extension_float32_v4,63,2,2,63280940,1248,312,93,36,0.0288461538461538,0.9166666666666666,0.3333749104591123,True
post_hoc_extension_float32_v4,63,2,3,63281041,1248,312,87,31,0.0248397435897435,0.907852564102564,0.3436815814360249,True
post_hoc_extension_float32_v4,63,2,4,63281142,1248,312,91,39,0.03125,0.9166666666666666,0.3282047865649286,True
post_hoc_extension_float32_v4,63,2,5,63281243,1248,312,89,36,0.0288461538461538,0.9166666666666666,0.2681867172920705,True
post_hoc_extension_float32_v4,63,3,1,63290848,1248,312,90,32,0.0256410256410256,0.9142628205128204,0.3678881281726245,True
post_hoc_extension_float32_v4,63,3,2,63290949,1248,312,87,33,0.0264423076923076,0.9110576923076924,0.320152557402042,True
post_hoc_extension_float32_v4,63,3,3,63291050,1248,312,90,36,0.0288461538461538,0.9142628205128204,0.2590604806604111,True
post_hoc_extension_float32_v4,63,3,4,63291151,1248,312,85,33,0.0264423076923076,0.9134615384615384,0.3154803510112018,True
post_hoc_extension_float32_v4,63,3,5,63291252,1248,312,92,36,0.0288461538461538,0.9126602564102564,0.3571463149416164,True
post_hoc_extension_float32_v4,63,4,1,63300857,1248,312,85,27,0.0216346153846153,0.9166666666666666,0.3605171275673178,True
post_hoc_extension_float32_v4,63,4,2,63300958,1248,312,93,33,0.0264423076923076,0.907051282051282,0.3902953059645243,True
post_hoc_extension_float32_v4,63,4,3,63301059,1248,312,85,29,0.0232371794871794,0.908653846153846,0.3564642167967221,True
post_hoc_extension_float32_v4,63,4,4,63301160,1248,312,89,33,0.0264423076923076,0.8862179487179487,0.3307615365449667,True
post_hoc_extension_float32_v4,63,4,5,63301261,1248,312,90,38,0.0304487179487179,0.9198717948717948,0.2801448771744171,True
post_hoc_extension_float32_v4,63,5,1,63310866,1248,312,94,38,0.0304487179487179,0.8902243589743589,0.3223157504057787,True
post_hoc_extension_float32_v4,63,5,2,63310967,1248,312,88,29,0.0232371794871794,0.9166666666666666,0.2948194478525387,True
post_hoc_extension_float32_v4,63,5,3,63311068,1248,312,90,31,0.0248397435897435,0.9246794871794872,0.313027068969068,True
post_hoc_extension_float32_v4,63,5,4,63311169,1248,312,85,34,0.0272435897435897,0.9166666666666666,0.2928044950743916,True
post_hoc_extension_float32_v4,63,5,5,63311270,1248,312,90,38,0.0304487179487179,0.9094551282051282,0.3557108582918225,True
post_hoc_extension_float32_v4,64,1,1,64270833,1248,312,88,32,0.0256410256410256,0.9126602564102564,0.2710524768519106,True
post_hoc_extension_float32_v4,64,1,2,64270934,1248,312,89,29,0.0232371794871794,0.9214743589743588,0.3028053299742105,True
post_hoc_extension_float32_v4,64,1,3,64271035,1248,312,87,31,0.0248397435897435,0.9126602564102564,0.3350885485402186,True
post_hoc_extension_float32_v4,64,1,4,64271136,1248,312,95,40,0.032051282051282,0.9014423076923076,0.3119176338221597,True
post_hoc_extension_float32_v4,64,1,5,64271237,1248,312,87,30,0.0240384615384615,0.9182692307692308,0.2903532596814614,True
post_hoc_extension_float32_v4,64,2,1,64280842,1248,312,87,27,0.0216346153846153,0.9174679487179488,0.338787767174097,True
post_hoc_extension_float32_v4,64,2,2,64280943,1248,312,93,36,0.0288461538461538,0.9094551282051282,0.3068945400616105,True
post_hoc_extension_float32_v4,64,2,3,64281044,1248,312,87,31,0.0248397435897435,0.903846153846154,0.3899362959789155,True
post_hoc_extension_float32_v4,64,2,4,64281145,1248,312,91,39,0.03125,0.9190705128205128,0.3283381861434829,True
post_hoc_extension_float32_v4,64,2,5,64281246,1248,312,89,36,0.0288461538461538,0.9190705128205128,0.2872969579790744,True
post_hoc_extension_float32_v4,64,3,1,64290851,1248,312,90,32,0.0256410256410256,0.903846153846154,0.384045984976099,True
post_hoc_extension_float32_v4,64,3,2,64290952,1248,312,87,33,0.0264423076923076,0.904647435897436,0.2962909310801632,True
post_hoc_extension_float32_v4,64,3,3,64291053,1248,312,90,36,0.0288461538461538,0.9022435897435898,0.3105428542424787,True
post_hoc_extension_float32_v4,64,3,4,64291154,1248,312,85,33,0.0264423076923076,0.9094551282051282,0.3247507292338636,True
post_hoc_extension_float32_v4,64,3,5,64291255,1248,312,92,36,0.0288461538461538,0.905448717948718,0.3737605257489172,True
post_hoc_extension_float32_v4,64,4,1,64300860,1248,312,85,27,0.0216346153846153,0.9102564102564102,0.4028774283705015,True
post_hoc_extension_float32_v4,64,4,2,64300961,1248,312,93,33,0.0264423076923076,0.9014423076923076,0.3050809466934424,True
post_hoc_extension_float32_v4,64,4,3,64301062,1248,312,85,29,0.0232371794871794,0.9294871794871796,0.3353314228617543,True
post_hoc_extension_float32_v4,64,4,4,64301163,1248,312,89,33,0.0264423076923076,0.9174679487179488,0.321490379694252,True
post_hoc_extension_float32_v4,64,4,5,64301264,1248,312,90,38,0.0304487179487179,0.908653846153846,0.3496312487044588,True
post_hoc_extension_float32_v4,64,5,1,64310869,1248,312,94,38,0.0304487179487179,0.9022435897435898,0.3106466272582714,True
post_hoc_extension_float32_v4,64,5,2,64310970,1248,312,88,29,0.0232371794871794,0.9142628205128204,0.3861892010888181,True
post_hoc_extension_float32_v4,64,5,3,64311071,1248,312,90,31,0.0248397435897435,0.9158653846153846,0.3514752987316467,True
post_hoc_extension_float32_v4,64,5,4,64311172,1248,312,85,34,0.0272435897435897,0.9150641025641024,0.3006564275826788,True
post_hoc_extension_float32_v4,64,5,5,64311273,1248,312,90,38,0.0304487179487179,0.9118589743589745,0.3832190836812543,True
post_hoc_extension_float32_v4,65,1,1,65270836,1248,312,88,32,0.0256410256410256,0.8998397435897436,0.3351716206634697,True
post_hoc_extension_float32_v4,65,1,2,65270937,1248,312,89,29,0.0232371794871794,0.9150641025641024,0.2796239891544132,True
post_hoc_extension_float32_v4,65,1,3,65271038,1248,312,87,31,0.0248397435897435,0.9102564102564102,0.3800485966266148,True
post_hoc_extension_float32_v4,65,1,4,65271139,1248,312,95,40,0.032051282051282,0.8998397435897436,0.3698946541124782,True
post_hoc_extension_float32_v4,65,1,5,65271240,1248,312,87,30,0.0240384615384615,0.9126602564102564,0.2982753488873944,True
post_hoc_extension_float32_v4,65,2,1,65280845,1248,312,87,27,0.0216346153846153,0.907051282051282,0.3320374810469896,True
post_hoc_extension_float32_v4,65,2,2,65280946,1248,312,93,36,0.0288461538461538,0.9182692307692308,0.276398337849173,True
post_hoc_extension_float32_v4,65,2,3,65281047,1248,312,87,31,0.0248397435897435,0.9094551282051282,0.4056158898215145,True
post_hoc_extension_float32_v4,65,2,4,65281148,1248,312,91,39,0.03125,0.9110576923076924,0.3349791645660235,True
post_hoc_extension_float32_v4,65,2,5,65281249,1248,312,89,36,0.0288461538461538,0.8982371794871795,0.3224755117923673,True
post_hoc_extension_float32_v4,65,3,1,65290854,1248,312,90,32,0.0256410256410256,0.9126602564102564,0.3823343667094592,True
post_hoc_extension_float32_v4,65,3,2,65290955,1248,312,87,33,0.0264423076923076,0.9110576923076924,0.266960396051482,True
post_hoc_extension_float32_v4,65,3,3,65291056,1248,312,90,36,0.0288461538461538,0.905448717948718,0.2813545017986385,True
post_hoc_extension_float32_v4,65,3,4,65291157,1248,312,85,33,0.0264423076923076,0.9214743589743588,0.3340922877586249,True
post_hoc_extension_float32_v4,65,3,5,65291258,1248,312,92,36,0.0288461538461538,0.9102564102564102,0.3325140607552884,True
post_hoc_extension_float32_v4,65,4,1,65300863,1248,312,85,27,0.0216346153846153,0.9006410256410257,0.3497667993572672,True
post_hoc_extension_float32_v4,65,4,2,65300964,1248,312,93,33,0.0264423076923076,0.9006410256410257,0.3256344170999264,True
post_hoc_extension_float32_v4,65,4,3,65301065,1248,312,85,29,0.0232371794871794,0.9214743589743588,0.3510597424807447,True
post_hoc_extension_float32_v4,65,4,4,65301166,1248,312,89,33,0.0264423076923076,0.9134615384615384,0.3108031586184636,True
post_hoc_extension_float32_v4,65,4,5,65301267,1248,312,90,38,0.0304487179487179,0.9142628205128204,0.3707063762925976,True
post_hoc_extension_float32_v4,65,5,1,65310872,1248,312,94,38,0.0304487179487179,0.908653846153846,0.2683293472903749,True
post_hoc_extension_float32_v4,65,5,2,65310973,1248,312,88,29,0.0232371794871794,0.9126602564102564,0.3376649913474546,True
post_hoc_extension_float32_v4,65,5,3,65311074,1248,312,90,31,0.0248397435897435,0.908653846153846,0.297456481893083,True
post_hoc_extension_float32_v4,65,5,4,65311175,1248,312,85,34,0.0272435897435897,0.9166666666666666,0.3242801287857164,True
post_hoc_extension_float32_v4,65,5,5,65311276,1248,312,90,38,0.0304487179487179,0.9158653846153846,0.3185395220912788,True
post_hoc_extension_float32_v4,66,1,1,66270839,1248,312,88,32,0.0256410256410256,0.9006410256410257,0.2537668599729167,True
post_hoc_extension_float32_v4,66,1,2,66270940,1248,312,89,29,0.0232371794871794,0.9254807692307692,0.2931676425951416,True
post_hoc_extension_float32_v4,66,1,3,66271041,1248,312,87,31,0.0248397435897435,0.9198717948717948,0.3558741160569989,True
post_hoc_extension_float32_v4,66,1,4,66271142,1248,312,95,40,0.032051282051282,0.9022435897435898,0.3133192070622891,True
post_hoc_extension_float32_v4,66,1,5,66271243,1248,312,87,30,0.0240384615384615,0.9206730769230768,0.2909058043317184,True
post_hoc_extension_float32_v4,66,2,1,66280848,1248,312,87,27,0.0216346153846153,0.9166666666666666,0.3583238910992246,True
post_hoc_extension_float32_v4,66,2,2,66280949,1248,312,93,36,0.0288461538461538,0.9102564102564102,0.2994457724039113,True
post_hoc_extension_float32_v4,66,2,3,66281050,1248,312,87,31,0.0248397435897435,0.9150641025641024,0.2948053656879824,True
post_hoc_extension_float32_v4,66,2,4,66281151,1248,312,91,39,0.03125,0.9142628205128204,0.2999732503048281,True
post_hoc_extension_float32_v4,66,2,5,66281252,1248,312,89,36,0.0288461538461538,0.9150641025641024,0.3214301320744949,True
post_hoc_extension_float32_v4,66,3,1,66290857,1248,312,90,32,0.0256410256410256,0.90625,0.3388254129636372,True
post_hoc_extension_float32_v4,66,3,2,66290958,1248,312,87,33,0.0264423076923076,0.9118589743589745,0.2991545841047817,True
post_hoc_extension_float32_v4,66,3,3,66291059,1248,312,90,36,0.0288461538461538,0.9134615384615384,0.2708425092153388,True
post_hoc_extension_float32_v4,66,3,4,66291160,1248,312,85,33,0.0264423076923076,0.907852564102564,0.3909460260932981,True
post_hoc_extension_float32_v4,66,3,5,66291261,1248,312,92,36,0.0288461538461538,0.9246794871794872,0.3481165920315262,True
post_hoc_extension_float32_v4,66,4,1,66300866,1248,312,85,27,0.0216346153846153,0.9206730769230768,0.3421309787007143,True
post_hoc_extension_float32_v4,66,4,2,66300967,1248,312,93,33,0.0264423076923076,0.90625,0.3096510760945221,True
post_hoc_extension_float32_v4,66,4,3,66301068,1248,312,85,29,0.0232371794871794,0.9126602564102564,0.3549895960653374,True
post_hoc_extension_float32_v4,66,4,4,66301169,1248,312,89,33,0.0264423076923076,0.9142628205128204,0.3192093453605181,True
post_hoc_extension_float32_v4,66,4,5,66301270,1248,312,90,38,0.0304487179487179,0.9182692307692308,0.3068257691556753,True
post_hoc_extension_float32_v4,66,5,1,66310875,1248,312,94,38,0.0304487179487179,0.905448717948718,0.2787608494614763,True
post_hoc_extension_float32_v4,66,5,2,66310976,1248,312,88,29,0.0232371794871794,0.9126602564102564,0.3680863342074641,True
post_hoc_extension_float32_v4,66,5,3,66311077,1248,312,90,31,0.0248397435897435,0.9230769230769232,0.319688609408111,True
post_hoc_extension_float32_v4,66,5,4,66311178,1248,312,85,34,0.0272435897435897,0.9118589743589745,0.3502707163761241,True
post_hoc_extension_float32_v4,66,5,5,66311279,1248,312,90,38,0.0304487179487179,0.9158653846153846,0.3404168611631478,True
post_hoc_extension_float32_v4,67,1,1,67270842,1248,312,88,32,0.0256410256410256,0.9142628205128204,0.2767395174435174,True
post_hoc_extension_float32_v4,67,1,2,67270943,1248,312,89,29,0.0232371794871794,0.9278846153846154,0.2703708475837589,True
post_hoc_extension_float32_v4,67,1,3,67271044,1248,312,87,31,0.0248397435897435,0.907852564102564,0.3801074627417823,True
post_hoc_extension_float32_v4,67,1,4,67271145,1248,312,95,40,0.032051282051282,0.903846153846154,0.342544311875022,True
post_hoc_extension_float32_v4,67,1,5,67271246,1248,312,87,30,0.0240384615384615,0.9022435897435898,0.3112175993848534,True
post_hoc_extension_float32_v4,67,2,1,67280851,1248,312,87,27,0.0216346153846153,0.9214743589743588,0.3512274994528772,True
post_hoc_extension_float32_v4,67,2,2,67280952,1248,312,93,36,0.0288461538461538,0.9022435897435898,0.3659437936005068,True
post_hoc_extension_float32_v4,67,2,3,67281053,1248,312,87,31,0.0248397435897435,0.907051282051282,0.3431002363582602,True
post_hoc_extension_float32_v4,67,2,4,67281154,1248,312,91,39,0.03125,0.8998397435897436,0.3121581914744499,True
post_hoc_extension_float32_v4,67,2,5,67281255,1248,312,89,36,0.0288461538461538,0.9102564102564102,0.2857477122875306,True
post_hoc_extension_float32_v4,67,3,1,67290860,1248,312,90,32,0.0256410256410256,0.9158653846153846,0.3321462903344782,True
post_hoc_extension_float32_v4,67,3,2,67290961,1248,312,87,33,0.0264423076923076,0.9014423076923076,0.2894819347835321,True
post_hoc_extension_float32_v4,67,3,3,67291062,1248,312,90,36,0.0288461538461538,0.9158653846153846,0.2893685031768608,True
post_hoc_extension_float32_v4,67,3,4,67291163,1248,312,85,33,0.0264423076923076,0.9166666666666666,0.3528213717363232,True
post_hoc_extension_float32_v4,67,3,5,67291264,1248,312,92,36,0.0288461538461538,0.90625,0.387896252125648,True
post_hoc_extension_float32_v4,67,4,1,67300869,1248,312,85,27,0.0216346153846153,0.90625,0.3615993602026828,True
post_hoc_extension_float32_v4,67,4,2,67300970,1248,312,93,33,0.0264423076923076,0.903846153846154,0.2996490290257755,True
post_hoc_extension_float32_v4,67,4,3,67301071,1248,312,85,29,0.0232371794871794,0.9230769230769232,0.3701835332434666,True
post_hoc_extension_float32_v4,67,4,4,67301172,1248,312,89,33,0.0264423076923076,0.9094551282051282,0.3198300840265982,True
post_hoc_extension_float32_v4,67,4,5,67301273,1248,312,90,38,0.0304487179487179,0.9246794871794872,0.2621955328458244,True
post_hoc_extension_float32_v4,67,5,1,67310878,1248,312,94,38,0.0304487179487179,0.8974358974358975,0.3673431533016251,True
post_hoc_extension_float32_v4,67,5,2,67310979,1248,312,88,29,0.0232371794871794,0.9198717948717948,0.328906079180563,True
post_hoc_extension_float32_v4,67,5,3,67311080,1248,312,90,31,0.0248397435897435,0.9126602564102564,0.320392332870848,True
post_hoc_extension_float32_v4,67,5,4,67311181,1248,312,85,34,0.0272435897435897,0.9110576923076924,0.3193060041227079,True
post_hoc_extension_float32_v4,67,5,5,67311282,1248,312,90,38,0.0304487179487179,0.9158653846153846,0.3361652031017754,True
post_hoc_extension_float32_v4,68,1,1,68270845,1248,312,88,32,0.0256410256410256,0.9006410256410257,0.294214149787226,True
post_hoc_extension_float32_v4,68,1,2,68270946,1248,312,89,29,0.0232371794871794,0.9206730769230768,0.3194781068229185,True
post_hoc_extension_float32_v4,68,1,3,68271047,1248,312,87,31,0.0248397435897435,0.9158653846153846,0.3362095560420839,True
post_hoc_extension_float32_v4,68,1,4,68271148,1248,312,95,40,0.032051282051282,0.9126602564102564,0.3356621330193452,True
post_hoc_extension_float32_v4,68,1,5,68271249,1248,312,87,30,0.0240384615384615,0.8998397435897436,0.3086902484424085,True
post_hoc_extension_float32_v4,68,2,1,68280854,1248,312,87,27,0.0216346153846153,0.9150641025641024,0.3619649580694681,True
post_hoc_extension_float32_v4,68,2,2,68280955,1248,312,93,36,0.0288461538461538,0.90625,0.2647708804781066,True
post_hoc_extension_float32_v4,68,2,3,68281056,1248,312,87,31,0.0248397435897435,0.9030448717948718,0.3079130827747614,True
post_hoc_extension_float32_v4,68,2,4,68281157,1248,312,91,39,0.03125,0.9214743589743588,0.296826714153112,True
post_hoc_extension_float32_v4,68,2,5,68281258,1248,312,89,36,0.0288461538461538,0.9014423076923076,0.2917144211867991,True
post_hoc_extension_float32_v4,68,3,1,68290863,1248,312,90,32,0.0256410256410256,0.9102564102564102,0.3492465868996622,True
post_hoc_extension_float32_v4,68,3,2,68290964,1248,312,87,33,0.0264423076923076,0.9102564102564102,0.3339970882422582,True
post_hoc_extension_float32_v4,68,3,3,68291065,1248,312,90,36,0.0288461538461538,0.903846153846154,0.2905821081525812,True
post_hoc_extension_float32_v4,68,3,4,68291166,1248,312,85,33,0.0264423076923076,0.8998397435897436,0.3197138280813165,True
post_hoc_extension_float32_v4,68,3,5,68291267,1248,312,92,36,0.0288461538461538,0.9214743589743588,0.3302007684520665,True
post_hoc_extension_float32_v4,68,4,1,68300872,1248,312,85,27,0.0216346153846153,0.90625,0.393896729557173,True
post_hoc_extension_float32_v4,68,4,2,68300973,1248,312,93,33,0.0264423076923076,0.9134615384615384,0.2975456323890458,True
post_hoc_extension_float32_v4,68,4,3,68301074,1248,312,85,29,0.0232371794871794,0.9222756410256412,0.3887626485975188,True
post_hoc_extension_float32_v4,68,4,4,68301175,1248,312,89,33,0.0264423076923076,0.9190705128205128,0.2692572936842503,True
post_hoc_extension_float32_v4,68,4,5,68301276,1248,312,90,38,0.0304487179487179,0.9142628205128204,0.3318418772860581,True
post_hoc_extension_float32_v4,68,5,1,68310881,1248,312,94,38,0.0304487179487179,0.9118589743589745,0.3294273879379814,True
post_hoc_extension_float32_v4,68,5,2,68310982,1248,312,88,29,0.0232371794871794,0.9190705128205128,0.2945093296616233,True
post_hoc_extension_float32_v4,68,5,3,68311083,1248,312,90,31,0.0248397435897435,0.9126602564102564,0.3183598094508183,True
post_hoc_extension_float32_v4,68,5,4,68311184,1248,312,85,34,0.0272435897435897,0.9166666666666666,0.3505863199512434,True
post_hoc_extension_float32_v4,68,5,5,68311285,1248,312,90,38,0.0304487179487179,0.904647435897436,0.2885184379392504,True
post_hoc_extension_float32_v4,69,1,1,69270848,1248,312,88,32,0.0256410256410256,0.9110576923076924,0.3001962257600094,True
post_hoc_extension_float32_v4,69,1,2,69270949,1248,312,89,29,0.0232371794871794,0.9158653846153846,0.3484430642770841,True
post_hoc_extension_float32_v4,69,1,3,69271050,1248,312,87,31,0.0248397435897435,0.9254807692307692,0.3092439831056131,True
post_hoc_extension_float32_v4,69,1,4,69271151,1248,312,95,40,0.032051282051282,0.904647435897436,0.3859290289597381,True
post_hoc_extension_float32_v4,69,1,5,69271252,1248,312,87,30,0.0240384615384615,0.9254807692307692,0.2745764042947675,True
post_hoc_extension_float32_v4,69,2,1,69280857,1248,312,87,27,0.0216346153846153,0.9198717948717948,0.3485830990944312,True
post_hoc_extension_float32_v4,69,2,2,69280958,1248,312,93,36,0.0288461538461538,0.8990384615384616,0.3204086010422313,True
post_hoc_extension_float32_v4,69,2,3,69281059,1248,312,87,31,0.0248397435897435,0.9102564102564102,0.3580308845124608,True
post_hoc_extension_float32_v4,69,2,4,69281160,1248,312,91,39,0.03125,0.90625,0.3542302410847773,True
post_hoc_extension_float32_v4,69,2,5,69281261,1248,312,89,36,0.0288461538461538,0.9126602564102564,0.2597348553073512,True
post_hoc_extension_float32_v4,69,3,1,69290866,1248,312,90,32,0.0256410256410256,0.9110576923076924,0.3212816569104068,True
post_hoc_extension_float32_v4,69,3,2,69290967,1248,312,87,33,0.0264423076923076,0.9110576923076924,0.3024620066173985,True
post_hoc_extension_float32_v4,69,3,3,69291068,1248,312,90,36,0.0288461538461538,0.9214743589743588,0.2637698278346367,True
post_hoc_extension_float32_v4,69,3,4,69291169,1248,312,85,33,0.0264423076923076,0.9270833333333334,0.2909033320988721,True
post_hoc_extension_float32_v4,69,3,5,69291270,1248,312,92,36,0.0288461538461538,0.9102564102564102,0.3725570126526845,True
post_hoc_extension_float32_v4,69,4,1,69300875,1248,312,85,27,0.0216346153846153,0.9110576923076924,0.3914086686212336,True
post_hoc_extension_float32_v4,69,4,2,69300976,1248,312,93,33,0.0264423076923076,0.90625,0.267744703801566,True
post_hoc_extension_float32_v4,69,4,3,69301077,1248,312,85,29,0.0232371794871794,0.9102564102564102,0.3687101245479142,True
post_hoc_extension_float32_v4,69,4,4,69301178,1248,312,89,33,0.0264423076923076,0.907051282051282,0.3370334084688954,True
post_hoc_extension_float32_v4,69,4,5,69301279,1248,312,90,38,0.0304487179487179,0.9134615384615384,0.3125563118889735,True
post_hoc_extension_float32_v4,69,5,1,69310884,1248,312,94,38,0.0304487179487179,0.9166666666666666,0.3194981412541393,True
post_hoc_extension_float32_v4,69,5,2,69310985,1248,312,88,29,0.0232371794871794,0.9126602564102564,0.337677822158989,True
post_hoc_extension_float32_v4,69,5,3,69311086,1248,312,90,31,0.0248397435897435,0.9150641025641024,0.351606309962051,True
post_hoc_extension_float32_v4,69,5,4,69311187,1248,312,85,34,0.0272435897435897,0.9102564102564102,0.3466250515167705,True
post_hoc_extension_float32_v4,69,5,5,69311288,1248,312,90,38,0.0304487179487179,0.90625,0.3374778971455811,True
post_hoc_extension_float32_v4,70,1,1,70270851,1248,312,88,32,0.0256410256410256,0.9014423076923076,0.3200008247134021,True
post_hoc_extension_float32_v4,70,1,2,70270952,1248,312,89,29,0.0232371794871794,0.9214743589743588,0.2950506072707436,True
post_hoc_extension_float32_v4,70,1,3,70271053,1248,312,87,31,0.0248397435897435,0.9190705128205128,0.3456773149750363,True
post_hoc_extension_float32_v4,70,1,4,70271154,1248,312,95,40,0.032051282051282,0.907852564102564,0.341163196418338,True
post_hoc_extension_float32_v4,70,1,5,70271255,1248,312,87,30,0.0240384615384615,0.908653846153846,0.3123375423279144,True
post_hoc_extension_float32_v4,70,2,1,70280860,1248,312,87,27,0.0216346153846153,0.9246794871794872,0.3261629669442117,True
post_hoc_extension_float32_v4,70,2,2,70280961,1248,312,93,36,0.0288461538461538,0.9014423076923076,0.3575536643386281,True
post_hoc_extension_float32_v4,70,2,3,70281062,1248,312,87,31,0.0248397435897435,0.9318910256410255,0.3101006915404535,True
post_hoc_extension_float32_v4,70,2,4,70281163,1248,312,91,39,0.03125,0.904647435897436,0.3770220165463193,True
post_hoc_extension_float32_v4,70,2,5,70281264,1248,312,89,36,0.0288461538461538,0.9190705128205128,0.2787354690653475,True
post_hoc_extension_float32_v4,70,3,1,70290869,1248,312,90,32,0.0256410256410256,0.908653846153846,0.3800512449463056,True
post_hoc_extension_float32_v4,70,3,2,70290970,1248,312,87,33,0.0264423076923076,0.9142628205128204,0.3256736483180518,True
post_hoc_extension_float32_v4,70,3,3,70291071,1248,312,90,36,0.0288461538461538,0.908653846153846,0.2492809994855525,True
post_hoc_extension_float32_v4,70,3,4,70291172,1248,312,85,33,0.0264423076923076,0.9158653846153846,0.357874911980882,True
post_hoc_extension_float32_v4,70,3,5,70291273,1248,312,92,36,0.0288461538461538,0.903846153846154,0.349248306191897,True
post_hoc_extension_float32_v4,70,4,1,70300878,1248,312,85,27,0.0216346153846153,0.9222756410256412,0.3662279565377639,True
post_hoc_extension_float32_v4,70,4,2,70300979,1248,312,93,33,0.0264423076923076,0.9142628205128204,0.3134423685158604,True
post_hoc_extension_float32_v4,70,4,3,70301080,1248,312,85,29,0.0232371794871794,0.9166666666666666,0.3311756699273505,True
post_hoc_extension_float32_v4,70,4,4,70301181,1248,312,89,33,0.0264423076923076,0.907852564102564,0.2998473760968521,True
post_hoc_extension_float32_v4,70,4,5,70301282,1248,312,90,38,0.0304487179487179,0.9166666666666666,0.2794639028462768,True
post_hoc_extension_float32_v4,70,5,1,70310887,1248,312,94,38,0.0304487179487179,0.8966346153846154,0.3259035243828377,True
post_hoc_extension_float32_v4,70,5,2,70310988,1248,312,88,29,0.0232371794871794,0.907051282051282,0.35509714983532,True
post_hoc_extension_float32_v4,70,5,3,70311089,1248,312,90,31,0.0248397435897435,0.908653846153846,0.3276195090868321,True
post_hoc_extension_float32_v4,70,5,4,70311190,1248,312,85,34,0.0272435897435897,0.9222756410256412,0.3086475723716414,True
post_hoc_extension_float32_v4,70,5,5,70311291,1248,312,90,38,0.0304487179487179,0.907051282051282,0.2658464570793247,True
post_hoc_extension_float32_v4,71,1,1,71270854,1248,312,88,32,0.0256410256410256,0.908653846153846,0.3287555251911878,True
post_hoc_extension_float32_v4,71,1,2,71270955,1248,312,89,29,0.0232371794871794,0.9246794871794872,0.289457459157824,True
post_hoc_extension_float32_v4,71,1,3,71271056,1248,312,87,31,0.0248397435897435,0.9134615384615384,0.3456882802275231,True
post_hoc_extension_float32_v4,71,1,4,71271157,1248,312,95,40,0.032051282051282,0.9126602564102564,0.3376614019638879,True
post_hoc_extension_float32_v4,71,1,5,71271258,1248,312,87,30,0.0240384615384615,0.9158653846153846,0.3110224436917907,True
post_hoc_extension_float32_v4,71,2,1,71280863,1248,312,87,27,0.0216346153846153,0.90625,0.3729876077815198,True
post_hoc_extension_float32_v4,71,2,2,71280964,1248,312,93,36,0.0288461538461538,0.9022435897435898,0.3324386353823279,True
post_hoc_extension_float32_v4,71,2,3,71281065,1248,312,87,31,0.0248397435897435,0.9246794871794872,0.3145934825743174,True
post_hoc_extension_float32_v4,71,2,4,71281166,1248,312,91,39,0.03125,0.9126602564102564,0.3432486080635223,True
post_hoc_extension_float32_v4,71,2,5,71281267,1248,312,89,36,0.0288461538461538,0.9110576923076924,0.2727460363140674,True
post_hoc_extension_float32_v4,71,3,1,71290872,1248,312,90,32,0.0256410256410256,0.9134615384615384,0.3672883305715803,True
post_hoc_extension_float32_v4,71,3,2,71290973,1248,312,87,33,0.0264423076923076,0.9030448717948718,0.3516105215139413,True
post_hoc_extension_float32_v4,71,3,3,71291074,1248,312,90,36,0.0288461538461538,0.9118589743589745,0.2465433337555241,True
post_hoc_extension_float32_v4,71,3,4,71291175,1248,312,85,33,0.0264423076923076,0.904647435897436,0.3824388847599161,True
post_hoc_extension_float32_v4,71,3,5,71291276,1248,312,92,36,0.0288461538461538,0.9182692307692308,0.3178278425753829,True
post_hoc_extension_float32_v4,71,4,1,71300881,1248,312,85,27,0.0216346153846153,0.907051282051282,0.3501509519115628,True
post_hoc_extension_float32_v4,71,4,2,71300982,1248,312,93,33,0.0264423076923076,0.904647435897436,0.2841047080917634,True
post_hoc_extension_float32_v4,71,4,3,71301083,1248,312,85,29,0.0232371794871794,0.905448717948718,0.3476083827912478,True
post_hoc_extension_float32_v4,71,4,4,71301184,1248,312,89,33,0.0264423076923076,0.9174679487179488,0.294125245822065,True
post_hoc_extension_float32_v4,71,4,5,71301285,1248,312,90,38,0.0304487179487179,0.9102564102564102,0.37896485605675,True
post_hoc_extension_float32_v4,71,5,1,71310890,1248,312,94,38,0.0304487179487179,0.9110576923076924,0.2592848544079827,True
post_hoc_extension_float32_v4,71,5,2,71310991,1248,312,88,29,0.0232371794871794,0.9142628205128204,0.3056597990185554,True
post_hoc_extension_float32_v4,71,5,3,71311092,1248,312,90,31,0.0248397435897435,0.9158653846153846,0.2897582914965177,True
post_hoc_extension_float32_v4,71,5,4,71311193,1248,312,85,34,0.0272435897435897,0.9182692307692308,0.3120861135440201,True
post_hoc_extension_float32_v4,71,5,5,71311294,1248,312,90,38,0.0304487179487179,0.9134615384615384,0.3345420421392929,True
post_hoc_extension_float32_v4,72,1,1,72270857,1248,312,88,32,0.0256410256410256,0.9174679487179488,0.2540646568406289,True
post_hoc_extension_float32_v4,72,1,2,72270958,1248,312,89,29,0.0232371794871794,0.9150641025641024,0.2585466566144225,True
post_hoc_extension_float32_v4,72,1,3,72271059,1248,312,87,31,0.0248397435897435,0.904647435897436,0.3169294876312511,True
post_hoc_extension_float32_v4,72,1,4,72271160,1248,312,95,40,0.032051282051282,0.9206730769230768,0.3598779222363335,True
post_hoc_extension_float32_v4,72,1,5,72271261,1248,312,87,30,0.0240384615384615,0.9142628205128204,0.3268001137080717,True
post_hoc_extension_float32_v4,72,2,1,72280866,1248,312,87,27,0.0216346153846153,0.9126602564102564,0.422064101499306,True
post_hoc_extension_float32_v4,72,2,2,72280967,1248,312,93,36,0.0288461538461538,0.9094551282051282,0.344815183671262,True
post_hoc_extension_float32_v4,72,2,3,72281068,1248,312,87,31,0.0248397435897435,0.9142628205128204,0.3486942212409467,True
post_hoc_extension_float32_v4,72,2,4,72281169,1248,312,91,39,0.03125,0.9182692307692308,0.3203584133607534,True
post_hoc_extension_float32_v4,72,2,5,72281270,1248,312,89,36,0.0288461538461538,0.9094551282051282,0.2758698074338431,True
post_hoc_extension_float32_v4,72,3,1,72290875,1248,312,90,32,0.0256410256410256,0.905448717948718,0.3956690222455296,True
post_hoc_extension_float32_v4,72,3,2,72290976,1248,312,87,33,0.0264423076923076,0.9014423076923076,0.3054616238949112,True
post_hoc_extension_float32_v4,72,3,3,72291077,1248,312,90,36,0.0288461538461538,0.9118589743589745,0.3143611635742347,True
post_hoc_extension_float32_v4,72,3,4,72291178,1248,312,85,33,0.0264423076923076,0.904647435897436,0.3452834874220679,True
post_hoc_extension_float32_v4,72,3,5,72291279,1248,312,92,36,0.0288461538461538,0.9006410256410257,0.3434796784921824,True
post_hoc_extension_float32_v4,72,4,1,72300884,1248,312,85,27,0.0216346153846153,0.9206730769230768,0.3739248827963533,True
post_hoc_extension_float32_v4,72,4,2,72300985,1248,312,93,33,0.0264423076923076,0.8974358974358975,0.3091789537823529,True
post_hoc_extension_float32_v4,72,4,3,72301086,1248,312,85,29,0.0232371794871794,0.9118589743589745,0.3091436586634818,True
post_hoc_extension_float32_v4,72,4,4,72301187,1248,312,89,33,0.0264423076923076,0.9126602564102564,0.2855621311679416,True
post_hoc_extension_float32_v4,72,4,5,72301288,1248,312,90,38,0.0304487179487179,0.9174679487179488,0.3340819898373596,True
post_hoc_extension_float32_v4,72,5,1,72310893,1248,312,94,38,0.0304487179487179,0.9006410256410257,0.2990020928751646,True
post_hoc_extension_float32_v4,72,5,2,72310994,1248,312,88,29,0.0232371794871794,0.9134615384615384,0.3417282387107841,True
post_hoc_extension_float32_v4,72,5,3,72311095,1248,312,90,31,0.0248397435897435,0.9118589743589745,0.29206379739237,True
post_hoc_extension_float32_v4,72,5,4,72311196,1248,312,85,34,0.0272435897435897,0.9174679487179488,0.2956270870670052,True
post_hoc_extension_float32_v4,72,5,5,72311297,1248,312,90,38,0.0304487179487179,0.9174679487179488,0.3063799245242005,True
post_hoc_extension_float32_v4,73,1,1,73270860,1248,312,88,32,0.0256410256410256,0.9190705128205128,0.2558939127448892,True
post_hoc_extension_float32_v4,73,1,2,73270961,1248,312,89,29,0.0232371794871794,0.9094551282051282,0.3258454731592499,True
post_hoc_extension_float32_v4,73,1,3,73271062,1248,312,87,31,0.0248397435897435,0.905448717948718,0.3809132533711734,True
post_hoc_extension_float32_v4,73,1,4,73271163,1248,312,95,40,0.032051282051282,0.9150641025641024,0.3573053653661982,True
post_hoc_extension_float32_v4,73,1,5,73271264,1248,312,87,30,0.0240384615384615,0.9094551282051282,0.3139933278901006,True
post_hoc_extension_float32_v4,73,2,1,73280869,1248,312,87,27,0.0216346153846153,0.9238782051282052,0.3454409153773445,True
post_hoc_extension_float32_v4,73,2,2,73280970,1248,312,93,36,0.0288461538461538,0.907051282051282,0.3062358164545466,True
post_hoc_extension_float32_v4,73,2,3,73281071,1248,312,87,31,0.0248397435897435,0.9182692307692308,0.3562764503976294,True
post_hoc_extension_float32_v4,73,2,4,73281172,1248,312,91,39,0.03125,0.9222756410256412,0.2999566027657933,True
post_hoc_extension_float32_v4,73,2,5,73281273,1248,312,89,36,0.0288461538461538,0.9158653846153846,0.272869654214408,True
post_hoc_extension_float32_v4,73,3,1,73290878,1248,312,90,32,0.0256410256410256,0.9206730769230768,0.3258675962415105,True
post_hoc_extension_float32_v4,73,3,2,73290979,1248,312,87,33,0.0264423076923076,0.9126602564102564,0.3411746009132596,True
post_hoc_extension_float32_v4,73,3,3,73291080,1248,312,90,36,0.0288461538461538,0.903846153846154,0.3052594742876143,True
post_hoc_extension_float32_v4,73,3,4,73291181,1248,312,85,33,0.0264423076923076,0.9254807692307692,0.3264102894157661,True
post_hoc_extension_float32_v4,73,3,5,73291282,1248,312,92,36,0.0288461538461538,0.9110576923076924,0.3391833783755633,True
post_hoc_extension_float32_v4,73,4,1,73300887,1248,312,85,27,0.0216346153846153,0.9182692307692308,0.3345974882643262,True
post_hoc_extension_float32_v4,73,4,2,73300988,1248,312,93,33,0.0264423076923076,0.9174679487179488,0.310198951723779,True
post_hoc_extension_float32_v4,73,4,3,73301089,1248,312,85,29,0.0232371794871794,0.907852564102564,0.3524196049158586,True
post_hoc_extension_float32_v4,73,4,4,73301190,1248,312,89,33,0.0264423076923076,0.9174679487179488,0.289738776553576,True
post_hoc_extension_float32_v4,73,4,5,73301291,1248,312,90,38,0.0304487179487179,0.9150641025641024,0.3700606790469172,True
post_hoc_extension_float32_v4,73,5,1,73310896,1248,312,94,38,0.0304487179487179,0.8982371794871795,0.3504758160466139,True
post_hoc_extension_float32_v4,73,5,2,73310997,1248,312,88,29,0.0232371794871794,0.9182692307692308,0.3643042224486236,True
post_hoc_extension_float32_v4,73,5,3,73311098,1248,312,90,31,0.0248397435897435,0.907051282051282,0.3356498121375095,True
post_hoc_extension_float32_v4,73,5,4,73311199,1248,312,85,34,0.0272435897435897,0.9198717948717948,0.3298197337241568,True
post_hoc_extension_float32_v4,73,5,5,73311300,1248,312,90,38,0.0304487179487179,0.9030448717948718,0.3923560055245392,True
post_hoc_extension_float32_v4,74,1,1,74270863,1248,312,88,32,0.0256410256410256,0.9270833333333334,0.2708170509248511,True
post_hoc_extension_float32_v4,74,1,2,74270964,1248,312,89,29,0.0232371794871794,0.9142628205128204,0.2774353193334583,True
post_hoc_extension_float32_v4,74,1,3,74271065,1248,312,87,31,0.0248397435897435,0.9190705128205128,0.323157682944783,True
post_hoc_extension_float32_v4,74,1,4,74271166,1248,312,95,40,0.032051282051282,0.9134615384615384,0.3688430715802795,True
post_hoc_extension_float32_v4,74,1,5,74271267,1248,312,87,30,0.0240384615384615,0.9142628205128204,0.3212728525171862,True
post_hoc_extension_float32_v4,74,2,1,74280872,1248,312,87,27,0.0216346153846153,0.9166666666666666,0.3085593929055069,True
post_hoc_extension_float32_v4,74,2,2,74280973,1248,312,93,36,0.0288461538461538,0.90625,0.3580727560689736,True
post_hoc_extension_float32_v4,74,2,3,74281074,1248,312,87,31,0.0248397435897435,0.9182692307692308,0.3571394165795142,True
post_hoc_extension_float32_v4,74,2,4,74281175,1248,312,91,39,0.03125,0.908653846153846,0.3040069530043423,True
post_hoc_extension_float32_v4,74,2,5,74281276,1248,312,89,36,0.0288461538461538,0.9238782051282052,0.2338881406694279,True
post_hoc_extension_float32_v4,74,3,1,74290881,1248,312,90,32,0.0256410256410256,0.9118589743589745,0.3382135324422763,True
post_hoc_extension_float32_v4,74,3,2,74290982,1248,312,87,33,0.0264423076923076,0.9006410256410257,0.2988618169716089,True
post_hoc_extension_float32_v4,74,3,3,74291083,1248,312,90,36,0.0288461538461538,0.905448717948718,0.2842133863543225,True
post_hoc_extension_float32_v4,74,3,4,74291184,1248,312,85,33,0.0264423076923076,0.9206730769230768,0.3709604967362604,True
post_hoc_extension_float32_v4,74,3,5,74291285,1248,312,92,36,0.0288461538461538,0.9030448717948718,0.3165555893859865,True
post_hoc_extension_float32_v4,74,4,1,74300890,1248,312,85,27,0.0216346153846153,0.9126602564102564,0.3332923721448867,True
post_hoc_extension_float32_v4,74,4,2,74300991,1248,312,93,33,0.0264423076923076,0.908653846153846,0.3372798881929501,True
post_hoc_extension_float32_v4,74,4,3,74301092,1248,312,85,29,0.0232371794871794,0.9262820512820512,0.3619166050261051,True
post_hoc_extension_float32_v4,74,4,4,74301193,1248,312,89,33,0.0264423076923076,0.9150641025641024,0.2842186587808497,True
post_hoc_extension_float32_v4,74,4,5,74301294,1248,312,90,38,0.0304487179487179,0.9278846153846154,0.2952681374884554,True
post_hoc_extension_float32_v4,74,5,1,74310899,1248,312,94,38,0.0304487179487179,0.8982371794871795,0.3265974158104694,True
post_hoc_extension_float32_v4,74,5,2,74311000,1248,312,88,29,0.0232371794871794,0.905448717948718,0.3599082951959799,True
post_hoc_extension_float32_v4,74,5,3,74311101,1248,312,90,31,0.0248397435897435,0.9190705128205128,0.3485575360535786,True
post_hoc_extension_float32_v4,74,5,4,74311202,1248,312,85,34,0.0272435897435897,0.903846153846154,0.3433230979337629,True
post_hoc_extension_float32_v4,74,5,5,74311303,1248,312,90,38,0.0304487179487179,0.9126602564102564,0.3123439472114976,True
post_hoc_extension_float32_v4,75,1,1,75270866,1248,312,88,32,0.0256410256410256,0.9142628205128204,0.3226747028758474,True
post_hoc_extension_float32_v4,75,1,2,75270967,1248,312,89,29,0.0232371794871794,0.9238782051282052,0.3282592444072664,True
post_hoc_extension_float32_v4,75,1,3,75271068,1248,312,87,31,0.0248397435897435,0.9118589743589745,0.4078950563774909,True
post_hoc_extension_float32_v4,75,1,4,75271169,1248,312,95,40,0.032051282051282,0.9006410256410257,0.3536468375626193,True
post_hoc_extension_float32_v4,75,1,5,75271270,1248,312,87,30,0.0240384615384615,0.9094551282051282,0.3233920167180679,True
post_hoc_extension_float32_v4,75,2,1,75280875,1248,312,87,27,0.0216346153846153,0.9134615384615384,0.3226958957569804,True
post_hoc_extension_float32_v4,75,2,2,75280976,1248,312,93,36,0.0288461538461538,0.9022435897435898,0.3480118445137526,True
post_hoc_extension_float32_v4,75,2,3,75281077,1248,312,87,31,0.0248397435897435,0.9158653846153846,0.3417792027185777,True
post_hoc_extension_float32_v4,75,2,4,75281178,1248,312,91,39,0.03125,0.9110576923076924,0.3554217638032266,True
post_hoc_extension_float32_v4,75,2,5,75281279,1248,312,89,36,0.0288461538461538,0.9190705128205128,0.2754135572235334,True
post_hoc_extension_float32_v4,75,3,1,75290884,1248,312,90,32,0.0256410256410256,0.907852564102564,0.3671940240030046,True
post_hoc_extension_float32_v4,75,3,2,75290985,1248,312,87,33,0.0264423076923076,0.9182692307692308,0.2967792373969141,True
post_hoc_extension_float32_v4,75,3,3,75291086,1248,312,90,36,0.0288461538461538,0.903846153846154,0.2972675150389972,True
post_hoc_extension_float32_v4,75,3,4,75291187,1248,312,85,33,0.0264423076923076,0.9190705128205128,0.3608342635409625,True
post_hoc_extension_float32_v4,75,3,5,75291288,1248,312,92,36,0.0288461538461538,0.9126602564102564,0.3338461022251294,True
post_hoc_extension_float32_v4,75,4,1,75300893,1248,312,85,27,0.0216346153846153,0.9166666666666666,0.322946636521767,True
post_hoc_extension_float32_v4,75,4,2,75300994,1248,312,93,33,0.0264423076923076,0.8998397435897436,0.3336788106985824,True
post_hoc_extension_float32_v4,75,4,3,75301095,1248,312,85,29,0.0232371794871794,0.9246794871794872,0.3659808729765093,True
post_hoc_extension_float32_v4,75,4,4,75301196,1248,312,89,33,0.0264423076923076,0.9110576923076924,0.3144246499277487,True
post_hoc_extension_float32_v4,75,4,5,75301297,1248,312,90,38,0.0304487179487179,0.9198717948717948,0.3475747855524955,True
post_hoc_extension_float32_v4,75,5,1,75310902,1248,312,94,38,0.0304487179487179,0.905448717948718,0.3404317744575793,True
post_hoc_extension_float32_v4,75,5,2,75311003,1248,312,88,29,0.0232371794871794,0.9238782051282052,0.3144837387388625,True
post_hoc_extension_float32_v4,75,5,3,75311104,1248,312,90,31,0.0248397435897435,0.9158653846153846,0.2941727041471448,True
post_hoc_extension_float32_v4,75,5,4,75311205,1248,312,85,34,0.0272435897435897,0.9126602564102564,0.3404618610395712,True
post_hoc_extension_float32_v4,75,5,5,75311306,1248,312,90,38,0.0304487179487179,0.903846153846154,0.3468228374320258,True
post_hoc_extension_float32_v4,76,1,1,76270869,1248,312,88,32,0.0256410256410256,0.9118589743589745,0.2832548680903535,True
post_hoc_extension_float32_v4,76,1,2,76270970,1248,312,89,29,0.0232371794871794,0.9174679487179488,0.3291094130292087,True
post_hoc_extension_float32_v4,76,1,3,76271071,1248,312,87,31,0.0248397435897435,0.90625,0.3924820793411213,True
post_hoc_extension_float32_v4,76,1,4,76271172,1248,312,95,40,0.032051282051282,0.9030448717948718,0.3514261596992911,True
post_hoc_extension_float32_v4,76,1,5,76271273,1248,312,87,30,0.0240384615384615,0.9142628205128204,0.3095429344891485,True
post_hoc_extension_float32_v4,76,2,1,76280878,1248,312,87,27,0.0216346153846153,0.9254807692307692,0.3417151192020959,True
post_hoc_extension_float32_v4,76,2,2,76280979,1248,312,93,36,0.0288461538461538,0.903846153846154,0.3220368889197588,True
post_hoc_extension_float32_v4,76,2,3,76281080,1248,312,87,31,0.0248397435897435,0.908653846153846,0.354465987362229,True
post_hoc_extension_float32_v4,76,2,4,76281181,1248,312,91,39,0.03125,0.9142628205128204,0.3565717054009772,True
post_hoc_extension_float32_v4,76,2,5,76281282,1248,312,89,36,0.0288461538461538,0.9126602564102564,0.2476789245686131,True
post_hoc_extension_float32_v4,76,3,1,76290887,1248,312,90,32,0.0256410256410256,0.9134615384615384,0.3483398673168972,True
post_hoc_extension_float32_v4,76,3,2,76290988,1248,312,87,33,0.0264423076923076,0.9158653846153846,0.3021972461407159,True
post_hoc_extension_float32_v4,76,3,3,76291089,1248,312,90,36,0.0288461538461538,0.9126602564102564,0.3374658857347846,True
post_hoc_extension_float32_v4,76,3,4,76291190,1248,312,85,33,0.0264423076923076,0.9190705128205128,0.3492256042432295,True
post_hoc_extension_float32_v4,76,3,5,76291291,1248,312,92,36,0.0288461538461538,0.9158653846153846,0.3391656544514125,True
post_hoc_extension_float32_v4,76,4,1,76300896,1248,312,85,27,0.0216346153846153,0.9150641025641024,0.3872283633859896,True
post_hoc_extension_float32_v4,76,4,2,76300997,1248,312,93,33,0.0264423076923076,0.907051282051282,0.3029091505774088,True
post_hoc_extension_float32_v4,76,4,3,76301098,1248,312,85,29,0.0232371794871794,0.9198717948717948,0.3359734044434139,True
post_hoc_extension_float32_v4,76,4,4,76301199,1248,312,89,33,0.0264423076923076,0.9110576923076924,0.320072500695979,True
post_hoc_extension_float32_v4,76,4,5,76301300,1248,312,90,38,0.0304487179487179,0.9102564102564102,0.318898942220128,True
post_hoc_extension_float32_v4,76,5,1,76310905,1248,312,94,38,0.0304487179487179,0.907051282051282,0.3418444647751647,True
post_hoc_extension_float32_v4,76,5,2,76311006,1248,312,88,29,0.0232371794871794,0.8990384615384616,0.3888577290429998,True
post_hoc_extension_float32_v4,76,5,3,76311107,1248,312,90,31,0.0248397435897435,0.9110576923076924,0.3055012167136884,True
post_hoc_extension_float32_v4,76,5,4,76311208,1248,312,85,34,0.0272435897435897,0.9126602564102564,0.3218136397394885,True
post_hoc_extension_float32_v4,76,5,5,76311309,1248,312,90,38,0.0304487179487179,0.9102564102564102,0.3089768081615685,True
post_hoc_extension_float32_v4,77,1,1,77270872,1248,312,88,32,0.0256410256410256,0.908653846153846,0.3087277233764252,True
post_hoc_extension_float32_v4,77,1,2,77270973,1248,312,89,29,0.0232371794871794,0.9158653846153846,0.3153199208384509,True
post_hoc_extension_float32_v4,77,1,3,77271074,1248,312,87,31,0.0248397435897435,0.9102564102564102,0.3446905189928653,True
post_hoc_extension_float32_v4,77,1,4,77271175,1248,312,95,40,0.032051282051282,0.907051282051282,0.323888344307768,True
post_hoc_extension_float32_v4,77,1,5,77271276,1248,312,87,30,0.0240384615384615,0.9182692307692308,0.2702496684397796,True
post_hoc_extension_float32_v4,77,2,1,77280881,1248,312,87,27,0.0216346153846153,0.9174679487179488,0.3234279683646731,True
post_hoc_extension_float32_v4,77,2,2,77280982,1248,312,93,36,0.0288461538461538,0.90625,0.3480324451652609,True
post_hoc_extension_float32_v4,77,2,3,77281083,1248,312,87,31,0.0248397435897435,0.904647435897436,0.3560008858911938,True
post_hoc_extension_float32_v4,77,2,4,77281184,1248,312,91,39,0.03125,0.9142628205128204,0.337759152137676,True
post_hoc_extension_float32_v4,77,2,5,77281285,1248,312,89,36,0.0288461538461538,0.9182692307692308,0.2464860036726365,True
post_hoc_extension_float32_v4,77,3,1,77290890,1248,312,90,32,0.0256410256410256,0.9166666666666666,0.3539948822168266,True
post_hoc_extension_float32_v4,77,3,2,77290991,1248,312,87,33,0.0264423076923076,0.9102564102564102,0.3030435688608088,True
post_hoc_extension_float32_v4,77,3,3,77291092,1248,312,90,36,0.0288461538461538,0.9134615384615384,0.2844166118466548,True
post_hoc_extension_float32_v4,77,3,4,77291193,1248,312,85,33,0.0264423076923076,0.9126602564102564,0.3187207550709875,True
post_hoc_extension_float32_v4,77,3,5,77291294,1248,312,92,36,0.0288461538461538,0.9182692307692308,0.3211784449244779,True
post_hoc_extension_float32_v4,77,4,1,77300899,1248,312,85,27,0.0216346153846153,0.9094551282051282,0.4007764309442755,True
post_hoc_extension_float32_v4,77,4,2,77301000,1248,312,93,33,0.0264423076923076,0.8894230769230769,0.3656127759627047,True
post_hoc_extension_float32_v4,77,4,3,77301101,1248,312,85,29,0.0232371794871794,0.9206730769230768,0.3259026025684801,True
post_hoc_extension_float32_v4,77,4,4,77301202,1248,312,89,33,0.0264423076923076,0.8990384615384616,0.2934534295363438,True
post_hoc_extension_float32_v4,77,4,5,77301303,1248,312,90,38,0.0304487179487179,0.9166666666666666,0.3425876183723312,True
post_hoc_extension_float32_v4,77,5,1,77310908,1248,312,94,38,0.0304487179487179,0.9006410256410257,0.343382408004304,True
post_hoc_extension_float32_v4,77,5,2,77311009,1248,312,88,29,0.0232371794871794,0.9206730769230768,0.3672905136969526,True
post_hoc_extension_float32_v4,77,5,3,77311110,1248,312,90,31,0.0248397435897435,0.9102564102564102,0.3170583056435779,True
post_hoc_extension_float32_v4,77,5,4,77311211,1248,312,85,34,0.0272435897435897,0.907852564102564,0.3101137898679318,True
post_hoc_extension_float32_v4,77,5,5,77311312,1248,312,90,38,0.0304487179487179,0.907051282051282,0.3475068278842783,True
post_hoc_extension_float32_v4,78,1,1,78270875,1248,312,88,32,0.0256410256410256,0.9118589743589745,0.2981290293115881,True
post_hoc_extension_float32_v4,78,1,2,78270976,1248,312,89,29,0.0232371794871794,0.9238782051282052,0.3204871705735391,True
post_hoc_extension_float32_v4,78,1,3,78271077,1248,312,87,31,0.0248397435897435,0.9198717948717948,0.3586591454311201,True
post_hoc_extension_float32_v4,78,1,4,78271178,1248,312,95,40,0.032051282051282,0.9126602564102564,0.315604428539826,True
post_hoc_extension_float32_v4,78,1,5,78271279,1248,312,87,30,0.0240384615384615,0.9118589743589745,0.3159183122894666,True
post_hoc_extension_float32_v4,78,2,1,78280884,1248,312,87,27,0.0216346153846153,0.904647435897436,0.3616593938623152,True
post_hoc_extension_float32_v4,78,2,2,78280985,1248,312,93,36,0.0288461538461538,0.9030448717948718,0.2982354945971873,True
post_hoc_extension_float32_v4,78,2,3,78281086,1248,312,87,31,0.0248397435897435,0.9006410256410257,0.339795938231238,True
post_hoc_extension_float32_v4,78,2,4,78281187,1248,312,91,39,0.03125,0.9214743589743588,0.2773119461506362,True
post_hoc_extension_float32_v4,78,2,5,78281288,1248,312,89,36,0.0288461538461538,0.9230769230769232,0.2388655914663595,True
post_hoc_extension_float32_v4,78,3,1,78290893,1248,312,90,32,0.0256410256410256,0.9190705128205128,0.4006350581000278,True
post_hoc_extension_float32_v4,78,3,2,78290994,1248,312,87,33,0.0264423076923076,0.90625,0.3271329064156333,True
post_hoc_extension_float32_v4,78,3,3,78291095,1248,312,90,36,0.0288461538461538,0.9022435897435898,0.2665957343201118,True
post_hoc_extension_float32_v4,78,3,4,78291196,1248,312,85,33,0.0264423076923076,0.9142628205128204,0.3714357076496819,True
post_hoc_extension_float32_v4,78,3,5,78291297,1248,312,92,36,0.0288461538461538,0.90625,0.343097289307822,True
post_hoc_extension_float32_v4,78,4,1,78300902,1248,312,85,27,0.0216346153846153,0.90625,0.4151551337398342,True
post_hoc_extension_float32_v4,78,4,2,78301003,1248,312,93,33,0.0264423076923076,0.8982371794871795,0.3086740231114783,True
post_hoc_extension_float32_v4,78,4,3,78301104,1248,312,85,29,0.0232371794871794,0.9110576923076924,0.3476461394093729,True
post_hoc_extension_float32_v4,78,4,4,78301205,1248,312,89,33,0.0264423076923076,0.9102564102564102,0.3167382530463374,True
post_hoc_extension_float32_v4,78,4,5,78301306,1248,312,90,38,0.0304487179487179,0.9270833333333334,0.3134896748699137,True
post_hoc_extension_float32_v4,78,5,1,78310911,1248,312,94,38,0.0304487179487179,0.9030448717948718,0.3304611665710527,True
post_hoc_extension_float32_v4,78,5,2,78311012,1248,312,88,29,0.0232371794871794,0.9294871794871796,0.3594320595553175,True
post_hoc_extension_float32_v4,78,5,3,78311113,1248,312,90,31,0.0248397435897435,0.9190705128205128,0.3194763000647547,True
post_hoc_extension_float32_v4,78,5,4,78311214,1248,312,85,34,0.0272435897435897,0.9014423076923076,0.3296840262680925,True
post_hoc_extension_float32_v4,78,5,5,78311315,1248,312,90,38,0.0304487179487179,0.9198717948717948,0.3096786685866812,True
post_hoc_extension_float32_v4,79,1,1,79270878,1248,312,88,32,0.0256410256410256,0.907852564102564,0.2876539860414313,True
post_hoc_extension_float32_v4,79,1,2,79270979,1248,312,89,29,0.0232371794871794,0.9182692307692308,0.2598320114582788,True
post_hoc_extension_float32_v4,79,1,3,79271080,1248,312,87,31,0.0248397435897435,0.9118589743589745,0.3623468645665326,True
post_hoc_extension_float32_v4,79,1,4,79271181,1248,312,95,40,0.032051282051282,0.9102564102564102,0.4103858204835477,True
post_hoc_extension_float32_v4,79,1,5,79271282,1248,312,87,30,0.0240384615384615,0.9110576923076924,0.318982953254673,True
post_hoc_extension_float32_v4,79,2,1,79280887,1248,312,87,27,0.0216346153846153,0.9230769230769232,0.3043956894804349,True
post_hoc_extension_float32_v4,79,2,2,79280988,1248,312,93,36,0.0288461538461538,0.907051282051282,0.3576007554436108,True
post_hoc_extension_float32_v4,79,2,3,79281089,1248,312,87,31,0.0248397435897435,0.904647435897436,0.3936072251730581,True
post_hoc_extension_float32_v4,79,2,4,79281190,1248,312,91,39,0.03125,0.9022435897435898,0.3014667923888366,True
post_hoc_extension_float32_v4,79,2,5,79281291,1248,312,89,36,0.0288461538461538,0.9126602564102564,0.2329469545193211,True
post_hoc_extension_float32_v4,79,3,1,79290896,1248,312,90,32,0.0256410256410256,0.8942307692307693,0.3741717316658088,True
post_hoc_extension_float32_v4,79,3,2,79290997,1248,312,87,33,0.0264423076923076,0.905448717948718,0.3465074613318212,True
post_hoc_extension_float32_v4,79,3,3,79291098,1248,312,90,36,0.0288461538461538,0.8990384615384616,0.2847035594945759,True
post_hoc_extension_float32_v4,79,3,4,79291199,1248,312,85,33,0.0264423076923076,0.9174679487179488,0.3734914017718552,True
post_hoc_extension_float32_v4,79,3,5,79291300,1248,312,92,36,0.0288461538461538,0.9134615384615384,0.3475312526706748,True
post_hoc_extension_float32_v4,79,4,1,79300905,1248,312,85,27,0.0216346153846153,0.9094551282051282,0.3515126677030031,True
post_hoc_extension_float32_v4,79,4,2,79301006,1248,312,93,33,0.0264423076923076,0.903846153846154,0.3155957104068961,True
post_hoc_extension_float32_v4,79,4,3,79301107,1248,312,85,29,0.0232371794871794,0.9022435897435898,0.3535250207600628,True
post_hoc_extension_float32_v4,79,4,4,79301208,1248,312,89,33,0.0264423076923076,0.9182692307692308,0.2979967271704202,True
post_hoc_extension_float32_v4,79,4,5,79301309,1248,312,90,38,0.0304487179487179,0.9126602564102564,0.3434070761970931,True
post_hoc_extension_float32_v4,79,5,1,79310914,1248,312,94,38,0.0304487179487179,0.9134615384615384,0.3172289729257815,True
post_hoc_extension_float32_v4,79,5,2,79311015,1248,312,88,29,0.0232371794871794,0.9142628205128204,0.3711524475917314,True
post_hoc_extension_float32_v4,79,5,3,79311116,1248,312,90,31,0.0248397435897435,0.9310897435897436,0.2891557533369395,True
post_hoc_extension_float32_v4,79,5,4,79311217,1248,312,85,34,0.0272435897435897,0.9254807692307692,0.3338295329812716,True
post_hoc_extension_float32_v4,79,5,5,79311318,1248,312,90,38,0.0304487179487179,0.9022435897435898,0.3552176289898379,True
post_hoc_extension_float32_v4,80,1,1,80270881,1248,312,88,32,0.0256410256410256,0.9134615384615384,0.3078417297788234,True
post_hoc_extension_float32_v4,80,1,2,80270982,1248,312,89,29,0.0232371794871794,0.9110576923076924,0.3030806644902674,True
post_hoc_extension_float32_v4,80,1,3,80271083,1248,312,87,31,0.0248397435897435,0.9142628205128204,0.3635342998636754,True
post_hoc_extension_float32_v4,80,1,4,80271184,1248,312,95,40,0.032051282051282,0.907051282051282,0.357955081399313,True
post_hoc_extension_float32_v4,80,1,5,80271285,1248,312,87,30,0.0240384615384615,0.9158653846153846,0.283356637096926,True
post_hoc_extension_float32_v4,80,2,1,80280890,1248,312,87,27,0.0216346153846153,0.9246794871794872,0.3488720663170493,True
post_hoc_extension_float32_v4,80,2,2,80280991,1248,312,93,36,0.0288461538461538,0.903846153846154,0.3627599278076906,True
post_hoc_extension_float32_v4,80,2,3,80281092,1248,312,87,31,0.0248397435897435,0.9182692307692308,0.345443519053658,True
post_hoc_extension_float32_v4,80,2,4,80281193,1248,312,91,39,0.03125,0.9094551282051282,0.3222863136441132,True
post_hoc_extension_float32_v4,80,2,5,80281294,1248,312,89,36,0.0288461538461538,0.9270833333333334,0.2886685659425301,True
post_hoc_extension_float32_v4,80,3,1,80290899,1248,312,90,32,0.0256410256410256,0.9102564102564102,0.3833197902873713,True
post_hoc_extension_float32_v4,80,3,2,80291000,1248,312,87,33,0.0264423076923076,0.9126602564102564,0.3028725469917558,True
post_hoc_extension_float32_v4,80,3,3,80291101,1248,312,90,36,0.0288461538461538,0.9118589743589745,0.270882039039297,True
post_hoc_extension_float32_v4,80,3,4,80291202,1248,312,85,33,0.0264423076923076,0.9142628205128204,0.3573200399764106,True
post_hoc_extension_float32_v4,80,3,5,80291303,1248,312,92,36,0.0288461538461538,0.9150641025641024,0.3674329805127254,True
post_hoc_extension_float32_v4,80,4,1,80300908,1248,312,85,27,0.0216346153846153,0.9094551282051282,0.3544609849580081,True
post_hoc_extension_float32_v4,80,4,2,80301009,1248,312,93,33,0.0264423076923076,0.907051282051282,0.2525367585266008,True
post_hoc_extension_float32_v4,80,4,3,80301110,1248,312,85,29,0.0232371794871794,0.905448717948718,0.3416053889626476,True
post_hoc_extension_float32_v4,80,4,4,80301211,1248,312,89,33,0.0264423076923076,0.9222756410256412,0.305849731640511,True
post_hoc_extension_float32_v4,80,4,5,80301312,1248,312,90,38,0.0304487179487179,0.9158653846153846,0.3583585493250911,True
post_hoc_extension_float32_v4,80,5,1,80310917,1248,312,94,38,0.0304487179487179,0.9022435897435898,0.3176037204104877,True
post_hoc_extension_float32_v4,80,5,2,80311018,1248,312,88,29,0.0232371794871794,0.9110576923076924,0.3363974375318752,True
post_hoc_extension_float32_v4,80,5,3,80311119,1248,312,90,31,0.0248397435897435,0.9118589743589745,0.32003732316586,True
post_hoc_extension_float32_v4,80,5,4,80311220,1248,312,85,34,0.0272435897435897,0.9182692307692308,0.2574575317738201,True
post_hoc_extension_float32_v4,80,5,5,80311321,1248,312,90,38,0.0304487179487179,0.908653846153846,0.317166434012553,True
post_hoc_extension_float32_v4,81,1,1,81270884,1248,312,88,32,0.0256410256410256,0.907852564102564,0.2818819293293387,True
post_hoc_extension_float32_v4,81,1,2,81270985,1248,312,89,29,0.0232371794871794,0.9214743589743588,0.3125174598378706,True
post_hoc_extension_float32_v4,81,1,3,81271086,1248,312,87,31,0.0248397435897435,0.907051282051282,0.3595439857497523,True
post_hoc_extension_float32_v4,81,1,4,81271187,1248,312,95,40,0.032051282051282,0.9030448717948718,0.3763267235633498,True
post_hoc_extension_float32_v4,81,1,5,81271288,1248,312,87,30,0.0240384615384615,0.9214743589743588,0.2787956766231354,True
post_hoc_extension_float32_v4,81,2,1,81280893,1248,312,87,27,0.0216346153846153,0.9182692307692308,0.3852417443667931,True
post_hoc_extension_float32_v4,81,2,2,81280994,1248,312,93,36,0.0288461538461538,0.9022435897435898,0.3493427275345481,True
post_hoc_extension_float32_v4,81,2,3,81281095,1248,312,87,31,0.0248397435897435,0.9142628205128204,0.3743588048685881,True
post_hoc_extension_float32_v4,81,2,4,81281196,1248,312,91,39,0.03125,0.9134615384615384,0.3005269937145338,True
post_hoc_extension_float32_v4,81,2,5,81281297,1248,312,89,36,0.0288461538461538,0.907051282051282,0.2760980223768415,True
post_hoc_extension_float32_v4,81,3,1,81290902,1248,312,90,32,0.0256410256410256,0.9126602564102564,0.3296131013858474,True
post_hoc_extension_float32_v4,81,3,2,81291003,1248,312,87,33,0.0264423076923076,0.9118589743589745,0.3346211304587638,True
post_hoc_extension_float32_v4,81,3,3,81291104,1248,312,90,36,0.0288461538461538,0.9126602564102564,0.2720702519246935,True
post_hoc_extension_float32_v4,81,3,4,81291205,1248,312,85,33,0.0264423076923076,0.9142628205128204,0.373657966217349,True
post_hoc_extension_float32_v4,81,3,5,81291306,1248,312,92,36,0.0288461538461538,0.9206730769230768,0.3377661844114032,True
post_hoc_extension_float32_v4,81,4,1,81300911,1248,312,85,27,0.0216346153846153,0.9318910256410255,0.3795058881787724,True
post_hoc_extension_float32_v4,81,4,2,81301012,1248,312,93,33,0.0264423076923076,0.9110576923076924,0.3318290940181627,True
post_hoc_extension_float32_v4,81,4,3,81301113,1248,312,85,29,0.0232371794871794,0.904647435897436,0.3778511027504669,True
post_hoc_extension_float32_v4,81,4,4,81301214,1248,312,89,33,0.0264423076923076,0.9030448717948718,0.3152549784310394,True
post_hoc_extension_float32_v4,81,4,5,81301315,1248,312,90,38,0.0304487179487179,0.9110576923076924,0.3109983151934592,True
post_hoc_extension_float32_v4,81,5,1,81310920,1248,312,94,38,0.0304487179487179,0.9006410256410257,0.3136824474002059,True
post_hoc_extension_float32_v4,81,5,2,81311021,1248,312,88,29,0.0232371794871794,0.9206730769230768,0.3167947225289088,True
post_hoc_extension_float32_v4,81,5,3,81311122,1248,312,90,31,0.0248397435897435,0.9270833333333334,0.3107785192578404,True
post_hoc_extension_float32_v4,81,5,4,81311223,1248,312,85,34,0.0272435897435897,0.9190705128205128,0.2969090779569212,True
post_hoc_extension_float32_v4,81,5,5,81311324,1248,312,90,38,0.0304487179487179,0.9006410256410257,0.3899319681092886,True
post_hoc_extension_float32_v4,82,1,1,82270887,1248,312,88,32,0.0256410256410256,0.90625,0.2924374404160715,True
post_hoc_extension_float32_v4,82,1,2,82270988,1248,312,89,29,0.0232371794871794,0.9270833333333334,0.3485195896358651,True
post_hoc_extension_float32_v4,82,1,3,82271089,1248,312,87,31,0.0248397435897435,0.9214743589743588,0.3106234446738325,True
post_hoc_extension_float32_v4,82,1,4,82271190,1248,312,95,40,0.032051282051282,0.9214743589743588,0.3186082008938938,True
post_hoc_extension_float32_v4,82,1,5,82271291,1248,312,87,30,0.0240384615384615,0.90625,0.29884751466236,True
post_hoc_extension_float32_v4,82,2,1,82280896,1248,312,87,27,0.0216346153846153,0.9222756410256412,0.3271810023043859,True
post_hoc_extension_float32_v4,82,2,2,82280997,1248,312,93,36,0.0288461538461538,0.904647435897436,0.2945739328478595,True
post_hoc_extension_float32_v4,82,2,3,82281098,1248,312,87,31,0.0248397435897435,0.9246794871794872,0.3464338448400246,True
post_hoc_extension_float32_v4,82,2,4,82281199,1248,312,91,39,0.03125,0.9158653846153846,0.3282131192374243,True
post_hoc_extension_float32_v4,82,2,5,82281300,1248,312,89,36,0.0288461538461538,0.9150641025641024,0.2570917323006613,True
post_hoc_extension_float32_v4,82,3,1,82290905,1248,312,90,32,0.0256410256410256,0.9166666666666666,0.3896255382700759,True
post_hoc_extension_float32_v4,82,3,2,82291006,1248,312,87,33,0.0264423076923076,0.903846153846154,0.3155228685135457,True
post_hoc_extension_float32_v4,82,3,3,82291107,1248,312,90,36,0.0288461538461538,0.90625,0.2987774363431391,True
post_hoc_extension_float32_v4,82,3,4,82291208,1248,312,85,33,0.0264423076923076,0.90625,0.3482261399029502,True
post_hoc_extension_float32_v4,82,3,5,82291309,1248,312,92,36,0.0288461538461538,0.9110576923076924,0.3610113291952889,True
post_hoc_extension_float32_v4,82,4,1,82300914,1248,312,85,27,0.0216346153846153,0.904647435897436,0.3665336779895873,True
post_hoc_extension_float32_v4,82,4,2,82301015,1248,312,93,33,0.0264423076923076,0.9222756410256412,0.2588887516138121,True
post_hoc_extension_float32_v4,82,4,3,82301116,1248,312,85,29,0.0232371794871794,0.9126602564102564,0.330721100587689,True
post_hoc_extension_float32_v4,82,4,4,82301217,1248,312,89,33,0.0264423076923076,0.9206730769230768,0.2799309833175739,True
post_hoc_extension_float32_v4,82,4,5,82301318,1248,312,90,38,0.0304487179487179,0.9126602564102564,0.3209999390707048,True
post_hoc_extension_float32_v4,82,5,1,82310923,1248,312,94,38,0.0304487179487179,0.9006410256410257,0.3766492641427971,True
post_hoc_extension_float32_v4,82,5,2,82311024,1248,312,88,29,0.0232371794871794,0.8982371794871795,0.3145106715336597,True
post_hoc_extension_float32_v4,82,5,3,82311125,1248,312,90,31,0.0248397435897435,0.9206730769230768,0.2929472676299004,True
post_hoc_extension_float32_v4,82,5,4,82311226,1248,312,85,34,0.0272435897435897,0.907852564102564,0.3357575949284559,True
post_hoc_extension_float32_v4,82,5,5,82311327,1248,312,90,38,0.0304487179487179,0.9110576923076924,0.2884900911994391,True
post_hoc_extension_float32_v4,83,1,1,83270890,1248,312,88,32,0.0256410256410256,0.9118589743589745,0.2717518038613329,True
post_hoc_extension_float32_v4,83,1,2,83270991,1248,312,89,29,0.0232371794871794,0.9270833333333334,0.2643572076564729,True
post_hoc_extension_float32_v4,83,1,3,83271092,1248,312,87,31,0.0248397435897435,0.9134615384615384,0.3687494726742147,True
post_hoc_extension_float32_v4,83,1,4,83271193,1248,312,95,40,0.032051282051282,0.9126602564102564,0.3318671164337223,True
post_hoc_extension_float32_v4,83,1,5,83271294,1248,312,87,30,0.0240384615384615,0.907051282051282,0.3500797390929163,True
post_hoc_extension_float32_v4,83,2,1,83280899,1248,312,87,27,0.0216346153846153,0.9190705128205128,0.3449654410140575,True
post_hoc_extension_float32_v4,83,2,2,83281000,1248,312,93,36,0.0288461538461538,0.9126602564102564,0.2901935570164035,True
post_hoc_extension_float32_v4,83,2,3,83281101,1248,312,87,31,0.0248397435897435,0.9166666666666666,0.3804193161875403,True
post_hoc_extension_float32_v4,83,2,4,83281202,1248,312,91,39,0.03125,0.9094551282051282,0.3523080778506343,True
post_hoc_extension_float32_v4,83,2,5,83281303,1248,312,89,36,0.0288461538461538,0.907051282051282,0.2798605454029106,True
post_hoc_extension_float32_v4,83,3,1,83290908,1248,312,90,32,0.0256410256410256,0.9030448717948718,0.4032201174799907,True
post_hoc_extension_float32_v4,83,3,2,83291009,1248,312,87,33,0.0264423076923076,0.9118589743589745,0.3119469992533512,True
post_hoc_extension_float32_v4,83,3,3,83291110,1248,312,90,36,0.0288461538461538,0.9150641025641024,0.3251259503655876,True
post_hoc_extension_float32_v4,83,3,4,83291211,1248,312,85,33,0.0264423076923076,0.8990384615384616,0.3149980092996104,True
post_hoc_extension_float32_v4,83,3,5,83291312,1248,312,92,36,0.0288461538461538,0.9214743589743588,0.3415373710736253,True
post_hoc_extension_float32_v4,83,4,1,83300917,1248,312,85,27,0.0216346153846153,0.9246794871794872,0.3459549968946919,True
post_hoc_extension_float32_v4,83,4,2,83301018,1248,312,93,33,0.0264423076923076,0.8950320512820513,0.3532171247659118,True
post_hoc_extension_float32_v4,83,4,3,83301119,1248,312,85,29,0.0232371794871794,0.9278846153846154,0.3373801810263986,True
post_hoc_extension_float32_v4,83,4,4,83301220,1248,312,89,33,0.0264423076923076,0.9182692307692308,0.2790143138567251,True
post_hoc_extension_float32_v4,83,4,5,83301321,1248,312,90,38,0.0304487179487179,0.9254807692307692,0.3393961526949907,True
post_hoc_extension_float32_v4,83,5,1,83310926,1248,312,94,38,0.0304487179487179,0.8974358974358975,0.316357684451243,True
post_hoc_extension_float32_v4,83,5,2,83311027,1248,312,88,29,0.0232371794871794,0.9214743589743588,0.3273792093002703,True
post_hoc_extension_float32_v4,83,5,3,83311128,1248,312,90,31,0.0248397435897435,0.9118589743589745,0.336408254235914,True
post_hoc_extension_float32_v4,83,5,4,83311229,1248,312,85,34,0.0272435897435897,0.9134615384615384,0.322611207065868,True
post_hoc_extension_float32_v4,83,5,5,83311330,1248,312,90,38,0.0304487179487179,0.908653846153846,0.333271228421122,True
post_hoc_extension_float32_v4,84,1,1,84270893,1248,312,88,32,0.0256410256410256,0.9158653846153846,0.3429688880373227,True
post_hoc_extension_float32_v4,84,1,2,84270994,1248,312,89,29,0.0232371794871794,0.9214743589743588,0.289347446293497,True
post_hoc_extension_float32_v4,84,1,3,84271095,1248,312,87,31,0.0248397435897435,0.903846153846154,0.3886571060468748,True
post_hoc_extension_float32_v4,84,1,4,84271196,1248,312,95,40,0.032051282051282,0.905448717948718,0.3796540733780326,True
post_hoc_extension_float32_v4,84,1,5,84271297,1248,312,87,30,0.0240384615384615,0.9206730769230768,0.3001662203746832,True
post_hoc_extension_float32_v4,84,2,1,84280902,1248,312,87,27,0.0216346153846153,0.905448717948718,0.3894287560594636,True
post_hoc_extension_float32_v4,84,2,2,84281003,1248,312,93,36,0.0288461538461538,0.903846153846154,0.3073419403608315,True
post_hoc_extension_float32_v4,84,2,3,84281104,1248,312,87,31,0.0248397435897435,0.9150641025641024,0.381463717144377,True
post_hoc_extension_float32_v4,84,2,4,84281205,1248,312,91,39,0.03125,0.9142628205128204,0.3152224098746251,True
post_hoc_extension_float32_v4,84,2,5,84281306,1248,312,89,36,0.0288461538461538,0.9182692307692308,0.2720101498052186,True
post_hoc_extension_float32_v4,84,3,1,84290911,1248,312,90,32,0.0256410256410256,0.907852564102564,0.3960476066088286,True
post_hoc_extension_float32_v4,84,3,2,84291012,1248,312,87,33,0.0264423076923076,0.9110576923076924,0.3345098945011253,True
post_hoc_extension_float32_v4,84,3,3,84291113,1248,312,90,36,0.0288461538461538,0.8886217948717948,0.336371066529586,True
post_hoc_extension_float32_v4,84,3,4,84291214,1248,312,85,33,0.0264423076923076,0.9246794871794872,0.299202749839712,True
post_hoc_extension_float32_v4,84,3,5,84291315,1248,312,92,36,0.0288461538461538,0.9166666666666666,0.3582462150165975,True
post_hoc_extension_float32_v4,84,4,1,84300920,1248,312,85,27,0.0216346153846153,0.9142628205128204,0.3491470555789604,True
post_hoc_extension_float32_v4,84,4,2,84301021,1248,312,93,33,0.0264423076923076,0.9006410256410257,0.336520696389089,True
post_hoc_extension_float32_v4,84,4,3,84301122,1248,312,85,29,0.0232371794871794,0.9174679487179488,0.3614546333745083,True
post_hoc_extension_float32_v4,84,4,4,84301223,1248,312,89,33,0.0264423076923076,0.9102564102564102,0.3496751168144432,True
post_hoc_extension_float32_v4,84,4,5,84301324,1248,312,90,38,0.0304487179487179,0.908653846153846,0.3431252695975019,True
post_hoc_extension_float32_v4,84,5,1,84310929,1248,312,94,38,0.0304487179487179,0.8894230769230769,0.3637736488207795,True
post_hoc_extension_float32_v4,84,5,2,84311030,1248,312,88,29,0.0232371794871794,0.9182692307692308,0.3894775497528875,True
post_hoc_extension_float32_v4,84,5,3,84311131,1248,312,90,31,0.0248397435897435,0.9094551282051282,0.3025778296674721,True
post_hoc_extension_float32_v4,84,5,4,84311232,1248,312,85,34,0.0272435897435897,0.9182692307692308,0.2699412830849155,True
post_hoc_extension_float32_v4,84,5,5,84311333,1248,312,90,38,0.0304487179487179,0.9094551282051282,0.3393794863649991,True
post_hoc_extension_float32_v4,85,1,1,85270896,1248,312,88,32,0.0256410256410256,0.9102564102564102,0.3061193485535939,True
post_hoc_extension_float32_v4,85,1,2,85270997,1248,312,89,29,0.0232371794871794,0.9142628205128204,0.3426791337315774,True
post_hoc_extension_float32_v4,85,1,3,85271098,1248,312,87,31,0.0248397435897435,0.9150641025641024,0.3721173596487818,True
post_hoc_extension_float32_v4,85,1,4,85271199,1248,312,95,40,0.032051282051282,0.9118589743589745,0.4105705074554155,True
post_hoc_extension_float32_v4,85,1,5,85271300,1248,312,87,30,0.0240384615384615,0.9142628205128204,0.2732345351296247,True
post_hoc_extension_float32_v4,85,2,1,85280905,1248,312,87,27,0.0216346153846153,0.9118589743589745,0.3824505292172101,True
post_hoc_extension_float32_v4,85,2,2,85281006,1248,312,93,36,0.0288461538461538,0.90625,0.2877506297087571,True
post_hoc_extension_float32_v4,85,2,3,85281107,1248,312,87,31,0.0248397435897435,0.908653846153846,0.3783282417035976,True
post_hoc_extension_float32_v4,85,2,4,85281208,1248,312,91,39,0.03125,0.904647435897436,0.3190456365671796,True
post_hoc_extension_float32_v4,85,2,5,85281309,1248,312,89,36,0.0288461538461538,0.904647435897436,0.2643155501531208,True
post_hoc_extension_float32_v4,85,3,1,85290914,1248,312,90,32,0.0256410256410256,0.9126602564102564,0.3334987254970208,True
post_hoc_extension_float32_v4,85,3,2,85291015,1248,312,87,33,0.0264423076923076,0.9102564102564102,0.3082889831054692,True
post_hoc_extension_float32_v4,85,3,3,85291116,1248,312,90,36,0.0288461538461538,0.9094551282051282,0.289191094376958,True
post_hoc_extension_float32_v4,85,3,4,85291217,1248,312,85,33,0.0264423076923076,0.905448717948718,0.3420718758880473,True
post_hoc_extension_float32_v4,85,3,5,85291318,1248,312,92,36,0.0288461538461538,0.907051282051282,0.3968643298081634,True
post_hoc_extension_float32_v4,85,4,1,85300923,1248,312,85,27,0.0216346153846153,0.9158653846153846,0.3521135839412446,True
post_hoc_extension_float32_v4,85,4,2,85301024,1248,312,93,33,0.0264423076923076,0.8990384615384616,0.3016619136860366,True
post_hoc_extension_float32_v4,85,4,3,85301125,1248,312,85,29,0.0232371794871794,0.9190705128205128,0.3217861687824556,True
post_hoc_extension_float32_v4,85,4,4,85301226,1248,312,89,33,0.0264423076923076,0.9126602564102564,0.324946542187527,True
post_hoc_extension_float32_v4,85,4,5,85301327,1248,312,90,38,0.0304487179487179,0.9326923076923076,0.2899568031811943,True
post_hoc_extension_float32_v4,85,5,1,85310932,1248,312,94,38,0.0304487179487179,0.8942307692307693,0.3940720733661397,True
post_hoc_extension_float32_v4,85,5,2,85311033,1248,312,88,29,0.0232371794871794,0.904647435897436,0.3147882389249645,True
post_hoc_extension_float32_v4,85,5,3,85311134,1248,312,90,31,0.0248397435897435,0.907051282051282,0.33702090965662,True
post_hoc_extension_float32_v4,85,5,4,85311235,1248,312,85,34,0.0272435897435897,0.9174679487179488,0.2772361827878822,True
post_hoc_extension_float32_v4,85,5,5,85311336,1248,312,90,38,0.0304487179487179,0.9126602564102564,0.3191511080544729,True
post_hoc_extension_float32_v4,86,1,1,86270899,1248,312,88,32,0.0256410256410256,0.905448717948718,0.324684276798199,True
post_hoc_extension_float32_v4,86,1,2,86271000,1248,312,89,29,0.0232371794871794,0.9230769230769232,0.3123862578629069,True
post_hoc_extension_float32_v4,86,1,3,86271101,1248,312,87,31,0.0248397435897435,0.9230769230769232,0.3542160140178955,True
post_hoc_extension_float32_v4,86,1,4,86271202,1248,312,95,40,0.032051282051282,0.90625,0.3441737941617628,True
post_hoc_extension_float32_v4,86,1,5,86271303,1248,312,87,30,0.0240384615384615,0.9174679487179488,0.3374985908107846,True
post_hoc_extension_float32_v4,86,2,1,86280908,1248,312,87,27,0.0216346153846153,0.9222756410256412,0.334156373420135,True
post_hoc_extension_float32_v4,86,2,2,86281009,1248,312,93,36,0.0288461538461538,0.9150641025641024,0.2828882093043481,True
post_hoc_extension_float32_v4,86,2,3,86281110,1248,312,87,31,0.0248397435897435,0.9142628205128204,0.3695189131066779,True
post_hoc_extension_float32_v4,86,2,4,86281211,1248,312,91,39,0.03125,0.903846153846154,0.3859055635217675,True
post_hoc_extension_float32_v4,86,2,5,86281312,1248,312,89,36,0.0288461538461538,0.9238782051282052,0.2833750553589271,True
post_hoc_extension_float32_v4,86,3,1,86290917,1248,312,90,32,0.0256410256410256,0.9254807692307692,0.3341284669650725,True
post_hoc_extension_float32_v4,86,3,2,86291018,1248,312,87,33,0.0264423076923076,0.9102564102564102,0.2680984853469387,True
post_hoc_extension_float32_v4,86,3,3,86291119,1248,312,90,36,0.0288461538461538,0.9014423076923076,0.2692338439711695,True
post_hoc_extension_float32_v4,86,3,4,86291220,1248,312,85,33,0.0264423076923076,0.9158653846153846,0.3429090120051665,True
post_hoc_extension_float32_v4,86,3,5,86291321,1248,312,92,36,0.0288461538461538,0.9190705128205128,0.3502895369631728,True
post_hoc_extension_float32_v4,86,4,1,86300926,1248,312,85,27,0.0216346153846153,0.9030448717948718,0.3473485370393909,True
post_hoc_extension_float32_v4,86,4,2,86301027,1248,312,93,33,0.0264423076923076,0.90625,0.2282434735626127,True
post_hoc_extension_float32_v4,86,4,3,86301128,1248,312,85,29,0.0232371794871794,0.9150641025641024,0.3622777022853206,True
post_hoc_extension_float32_v4,86,4,4,86301229,1248,312,89,33,0.0264423076923076,0.9134615384615384,0.3014265865524619,True
post_hoc_extension_float32_v4,86,4,5,86301330,1248,312,90,38,0.0304487179487179,0.9190705128205128,0.3217230030928856,True
post_hoc_extension_float32_v4,86,5,1,86310935,1248,312,94,38,0.0304487179487179,0.8982371794871795,0.3201331257487795,True
post_hoc_extension_float32_v4,86,5,2,86311036,1248,312,88,29,0.0232371794871794,0.9214743589743588,0.3415469333678859,True
post_hoc_extension_float32_v4,86,5,3,86311137,1248,312,90,31,0.0248397435897435,0.908653846153846,0.3232981669587131,True
post_hoc_extension_float32_v4,86,5,4,86311238,1248,312,85,34,0.0272435897435897,0.9230769230769232,0.3220817642610224,True
post_hoc_extension_float32_v4,86,5,5,86311339,1248,312,90,38,0.0304487179487179,0.9102564102564102,0.330329202702335,True
post_hoc_extension_float32_v4,87,1,1,87270902,1248,312,88,32,0.0256410256410256,0.9134615384615384,0.3048274624032472,True
post_hoc_extension_float32_v4,87,1,2,87271003,1248,312,89,29,0.0232371794871794,0.9126602564102564,0.3387468897305439,True
post_hoc_extension_float32_v4,87,1,3,87271104,1248,312,87,31,0.0248397435897435,0.9110576923076924,0.340541804765436,True
post_hoc_extension_float32_v4,87,1,4,87271205,1248,312,95,40,0.032051282051282,0.9102564102564102,0.3611536680570292,True
post_hoc_extension_float32_v4,87,1,5,87271306,1248,312,87,30,0.0240384615384615,0.9230769230769232,0.3199914624768006,True
post_hoc_extension_float32_v4,87,2,1,87280911,1248,312,87,27,0.0216346153846153,0.9222756410256412,0.3449354497305271,True
post_hoc_extension_float32_v4,87,2,2,87281012,1248,312,93,36,0.0288461538461538,0.9094551282051282,0.3753831963058736,True
post_hoc_extension_float32_v4,87,2,3,87281113,1248,312,87,31,0.0248397435897435,0.903846153846154,0.3411835554714744,True
post_hoc_extension_float32_v4,87,2,4,87281214,1248,312,91,39,0.03125,0.9094551282051282,0.3394345357065544,True
post_hoc_extension_float32_v4,87,2,5,87281315,1248,312,89,36,0.0288461538461538,0.90625,0.3307854430137179,True
post_hoc_extension_float32_v4,87,3,1,87290920,1248,312,90,32,0.0256410256410256,0.9142628205128204,0.3532207767894188,True
post_hoc_extension_float32_v4,87,3,2,87291021,1248,312,87,33,0.0264423076923076,0.8966346153846154,0.3121425911937049,True
post_hoc_extension_float32_v4,87,3,3,87291122,1248,312,90,36,0.0288461538461538,0.9158653846153846,0.2880403180612931,True
post_hoc_extension_float32_v4,87,3,4,87291223,1248,312,85,33,0.0264423076923076,0.9182692307692308,0.3501228067739163,True
post_hoc_extension_float32_v4,87,3,5,87291324,1248,312,92,36,0.0288461538461538,0.9118589743589745,0.3061355095471342,True
post_hoc_extension_float32_v4,87,4,1,87300929,1248,312,85,27,0.0216346153846153,0.9198717948717948,0.3435452651915701,True
post_hoc_extension_float32_v4,87,4,2,87301030,1248,312,93,33,0.0264423076923076,0.9094551282051282,0.2836721650509968,True
post_hoc_extension_float32_v4,87,4,3,87301131,1248,312,85,29,0.0232371794871794,0.9158653846153846,0.3579781140816523,True
post_hoc_extension_float32_v4,87,4,4,87301232,1248,312,89,33,0.0264423076923076,0.9246794871794872,0.3115501853727994,True
post_hoc_extension_float32_v4,87,4,5,87301333,1248,312,90,38,0.0304487179487179,0.9246794871794872,0.355226466712434,True
post_hoc_extension_float32_v4,87,5,1,87310938,1248,312,94,38,0.0304487179487179,0.905448717948718,0.3078723209798767,True
post_hoc_extension_float32_v4,87,5,2,87311039,1248,312,88,29,0.0232371794871794,0.9174679487179488,0.3712473417274333,True
post_hoc_extension_float32_v4,87,5,3,87311140,1248,312,90,31,0.0248397435897435,0.908653846153846,0.3250590851535613,True
post_hoc_extension_float32_v4,87,5,4,87311241,1248,312,85,34,0.0272435897435897,0.9190705128205128,0.3274975057525679,True
post_hoc_extension_float32_v4,87,5,5,87311342,1248,312,90,38,0.0304487179487179,0.9118589743589745,0.3425654540957467,True
post_hoc_extension_float32_v4,88,1,1,88270905,1248,312,88,32,0.0256410256410256,0.9142628205128204,0.2602490259284501,True
post_hoc_extension_float32_v4,88,1,2,88271006,1248,312,89,29,0.0232371794871794,0.9094551282051282,0.3278956654492493,True
post_hoc_extension_float32_v4,88,1,3,88271107,1248,312,87,31,0.0248397435897435,0.908653846153846,0.3377491201687647,True
post_hoc_extension_float32_v4,88,1,4,88271208,1248,312,95,40,0.032051282051282,0.9166666666666666,0.3575923621556188,True
post_hoc_extension_float32_v4,88,1,5,88271309,1248,312,87,30,0.0240384615384615,0.9166666666666666,0.3146192162341896,True
post_hoc_extension_float32_v4,88,2,1,88280914,1248,312,87,27,0.0216346153846153,0.9142628205128204,0.3552961130278867,True
post_hoc_extension_float32_v4,88,2,2,88281015,1248,312,93,36,0.0288461538461538,0.9006410256410257,0.381097167294935,True
post_hoc_extension_float32_v4,88,2,3,88281116,1248,312,87,31,0.0248397435897435,0.907051282051282,0.3732701101388094,True
post_hoc_extension_float32_v4,88,2,4,88281217,1248,312,91,39,0.03125,0.9094551282051282,0.3193593755824394,True
post_hoc_extension_float32_v4,88,2,5,88281318,1248,312,89,36,0.0288461538461538,0.907852564102564,0.2589114256204922,True
post_hoc_extension_float32_v4,88,3,1,88290923,1248,312,90,32,0.0256410256410256,0.905448717948718,0.3940761473305682,True
post_hoc_extension_float32_v4,88,3,2,88291024,1248,312,87,33,0.0264423076923076,0.907852564102564,0.2913994433293319,True
post_hoc_extension_float32_v4,88,3,3,88291125,1248,312,90,36,0.0288461538461538,0.9158653846153846,0.2657972056986172,True
post_hoc_extension_float32_v4,88,3,4,88291226,1248,312,85,33,0.0264423076923076,0.9102564102564102,0.3492632969435072,True
post_hoc_extension_float32_v4,88,3,5,88291327,1248,312,92,36,0.0288461538461538,0.9134615384615384,0.3816079105423621,True
post_hoc_extension_float32_v4,88,4,1,88300932,1248,312,85,27,0.0216346153846153,0.9254807692307692,0.3396469397051523,True
post_hoc_extension_float32_v4,88,4,2,88301033,1248,312,93,33,0.0264423076923076,0.9022435897435898,0.3175941643745532,True
post_hoc_extension_float32_v4,88,4,3,88301134,1248,312,85,29,0.0232371794871794,0.9014423076923076,0.3689503906013455,True
post_hoc_extension_float32_v4,88,4,4,88301235,1248,312,89,33,0.0264423076923076,0.9030448717948718,0.3137627904549803,True
post_hoc_extension_float32_v4,88,4,5,88301336,1248,312,90,38,0.0304487179487179,0.9342948717948718,0.2747981126700247,True
post_hoc_extension_float32_v4,88,5,1,88310941,1248,312,94,38,0.0304487179487179,0.9006410256410257,0.3760879969765903,True
post_hoc_extension_float32_v4,88,5,2,88311042,1248,312,88,29,0.0232371794871794,0.908653846153846,0.3498302340762292,True
post_hoc_extension_float32_v4,88,5,3,88311143,1248,312,90,31,0.0248397435897435,0.9262820512820512,0.2844624768742299,True
post_hoc_extension_float32_v4,88,5,4,88311244,1248,312,85,34,0.0272435897435897,0.9198717948717948,0.3481666448317745,True
post_hoc_extension_float32_v4,88,5,5,88311345,1248,312,90,38,0.0304487179487179,0.908653846153846,0.295191638631075,True
post_hoc_extension_float32_v4,89,1,1,89270908,1248,312,88,32,0.0256410256410256,0.9206730769230768,0.2696746571208538,True
post_hoc_extension_float32_v4,89,1,2,89271009,1248,312,89,29,0.0232371794871794,0.9206730769230768,0.2855718554733853,True
post_hoc_extension_float32_v4,89,1,3,89271110,1248,312,87,31,0.0248397435897435,0.9134615384615384,0.3794709693787094,True
post_hoc_extension_float32_v4,89,1,4,89271211,1248,312,95,40,0.032051282051282,0.907852564102564,0.3811687097161138,True
post_hoc_extension_float32_v4,89,1,5,89271312,1248,312,87,30,0.0240384615384615,0.9094551282051282,0.2915105506620997,True
post_hoc_extension_float32_v4,89,2,1,89280917,1248,312,87,27,0.0216346153846153,0.9286858974358976,0.3284944053552782,True
post_hoc_extension_float32_v4,89,2,2,89281018,1248,312,93,36,0.0288461538461538,0.9014423076923076,0.3784891159691416,True
post_hoc_extension_float32_v4,89,2,3,89281119,1248,312,87,31,0.0248397435897435,0.90625,0.3726993936925503,True
post_hoc_extension_float32_v4,89,2,4,89281220,1248,312,91,39,0.03125,0.9190705128205128,0.3341559472144605,True
post_hoc_extension_float32_v4,89,2,5,89281321,1248,312,89,36,0.0288461538461538,0.9158653846153846,0.2566357556577781,True
post_hoc_extension_float32_v4,89,3,1,89290926,1248,312,90,32,0.0256410256410256,0.907852564102564,0.3094629351222143,True
post_hoc_extension_float32_v4,89,3,2,89291027,1248,312,87,33,0.0264423076923076,0.908653846153846,0.290556536528547,True
post_hoc_extension_float32_v4,89,3,3,89291128,1248,312,90,36,0.0288461538461538,0.9094551282051282,0.2802393131319568,True
post_hoc_extension_float32_v4,89,3,4,89291229,1248,312,85,33,0.0264423076923076,0.9318910256410255,0.3230526104262863,True
post_hoc_extension_float32_v4,89,3,5,89291330,1248,312,92,36,0.0288461538461538,0.9110576923076924,0.3252974628086026,True
post_hoc_extension_float32_v4,89,4,1,89300935,1248,312,85,27,0.0216346153846153,0.9134615384615384,0.3867705709020591,True
post_hoc_extension_float32_v4,89,4,2,89301036,1248,312,93,33,0.0264423076923076,0.9030448717948718,0.2937966872825664,True
post_hoc_extension_float32_v4,89,4,3,89301137,1248,312,85,29,0.0232371794871794,0.907852564102564,0.3643740618542735,True
post_hoc_extension_float32_v4,89,4,4,89301238,1248,312,89,33,0.0264423076923076,0.9174679487179488,0.2633005212346021,True
post_hoc_extension_float32_v4,89,4,5,89301339,1248,312,90,38,0.0304487179487179,0.9294871794871796,0.3084595786421262,True
post_hoc_extension_float32_v4,89,5,1,89310944,1248,312,94,38,0.0304487179487179,0.9014423076923076,0.3058029162859383,True
post_hoc_extension_float32_v4,89,5,2,89311045,1248,312,88,29,0.0232371794871794,0.9126602564102564,0.371288686925787,True
post_hoc_extension_float32_v4,89,5,3,89311146,1248,312,90,31,0.0248397435897435,0.9174679487179488,0.2641639996335563,True
post_hoc_extension_float32_v4,89,5,4,89311247,1248,312,85,34,0.0272435897435897,0.9182692307692308,0.2833146527565454,True
post_hoc_extension_float32_v4,89,5,5,89311348,1248,312,90,38,0.0304487179487179,0.9214743589743588,0.372971875092851,True
post_hoc_extension_float32_v4,90,1,1,90270911,1248,312,88,32,0.0256410256410256,0.9014423076923076,0.3105348933991767,True
post_hoc_extension_float32_v4,90,1,2,90271012,1248,312,89,29,0.0232371794871794,0.9022435897435898,0.2949571210601943,True
post_hoc_extension_float32_v4,90,1,3,90271113,1248,312,87,31,0.0248397435897435,0.9102564102564102,0.3847239054790303,True
post_hoc_extension_float32_v4,90,1,4,90271214,1248,312,95,40,0.032051282051282,0.904647435897436,0.3665335336722911,True
post_hoc_extension_float32_v4,90,1,5,90271315,1248,312,87,30,0.0240384615384615,0.907852564102564,0.3124754682063743,True
post_hoc_extension_float32_v4,90,2,1,90280920,1248,312,87,27,0.0216346153846153,0.9270833333333334,0.3866588431422146,True
post_hoc_extension_float32_v4,90,2,2,90281021,1248,312,93,36,0.0288461538461538,0.9102564102564102,0.3105307866324347,True
post_hoc_extension_float32_v4,90,2,3,90281122,1248,312,87,31,0.0248397435897435,0.9110576923076924,0.3092870778279888,True
post_hoc_extension_float32_v4,90,2,4,90281223,1248,312,91,39,0.03125,0.9126602564102564,0.3350200051534632,True
post_hoc_extension_float32_v4,90,2,5,90281324,1248,312,89,36,0.0288461538461538,0.9166666666666666,0.3011638833745748,True
post_hoc_extension_float32_v4,90,3,1,90290929,1248,312,90,32,0.0256410256410256,0.9102564102564102,0.3601792893485194,True
post_hoc_extension_float32_v4,90,3,2,90291030,1248,312,87,33,0.0264423076923076,0.9126602564102564,0.302438192443345,True
post_hoc_extension_float32_v4,90,3,3,90291131,1248,312,90,36,0.0288461538461538,0.9118589743589745,0.2625153187126962,True
post_hoc_extension_float32_v4,90,3,4,90291232,1248,312,85,33,0.0264423076923076,0.9198717948717948,0.3604931818791158,True
post_hoc_extension_float32_v4,90,3,5,90291333,1248,312,92,36,0.0288461538461538,0.9150641025641024,0.3605790572230468,True
post_hoc_extension_float32_v4,90,4,1,90300938,1248,312,85,27,0.0216346153846153,0.9126602564102564,0.3394016653148504,True
post_hoc_extension_float32_v4,90,4,2,90301039,1248,312,93,33,0.0264423076923076,0.8998397435897436,0.2824806807953274,True
post_hoc_extension_float32_v4,90,4,3,90301140,1248,312,85,29,0.0232371794871794,0.9110576923076924,0.3808996954954623,True
post_hoc_extension_float32_v4,90,4,4,90301241,1248,312,89,33,0.0264423076923076,0.9182692307692308,0.2492796478641957,True
post_hoc_extension_float32_v4,90,4,5,90301342,1248,312,90,38,0.0304487179487179,0.9254807692307692,0.3070590234904238,True
post_hoc_extension_float32_v4,90,5,1,90310947,1248,312,94,38,0.0304487179487179,0.8942307692307693,0.3579380598348879,True
post_hoc_extension_float32_v4,90,5,2,90311048,1248,312,88,29,0.0232371794871794,0.9198717948717948,0.3890179215705803,True
post_hoc_extension_float32_v4,90,5,3,90311149,1248,312,90,31,0.0248397435897435,0.9150641025641024,0.3593491242278649,True
post_hoc_extension_float32_v4,90,5,4,90311250,1248,312,85,34,0.0272435897435897,0.9174679487179488,0.3213524837727338,True
post_hoc_extension_float32_v4,90,5,5,90311351,1248,312,90,38,0.0304487179487179,0.907852564102564,0.3239206025224601,True
post_hoc_extension_float32_v4,91,1,1,91270914,1248,312,88,32,0.0256410256410256,0.90625,0.3210683356008551,True
post_hoc_extension_float32_v4,91,1,2,91271015,1248,312,89,29,0.0232371794871794,0.9214743589743588,0.3099897327428971,True
post_hoc_extension_float32_v4,91,1,3,91271116,1248,312,87,31,0.0248397435897435,0.9230769230769232,0.3503288611862075,True
post_hoc_extension_float32_v4,91,1,4,91271217,1248,312,95,40,0.032051282051282,0.9134615384615384,0.3827155218363099,True
post_hoc_extension_float32_v4,91,1,5,91271318,1248,312,87,30,0.0240384615384615,0.9230769230769232,0.2908957015962194,True
post_hoc_extension_float32_v4,91,2,1,91280923,1248,312,87,27,0.0216346153846153,0.9198717948717948,0.3299382368335357,True
post_hoc_extension_float32_v4,91,2,2,91281024,1248,312,93,36,0.0288461538461538,0.907852564102564,0.3158865631498798,True
post_hoc_extension_float32_v4,91,2,3,91281125,1248,312,87,31,0.0248397435897435,0.9166666666666666,0.3938438931836839,True
post_hoc_extension_float32_v4,91,2,4,91281226,1248,312,91,39,0.03125,0.904647435897436,0.3319412360956458,True
post_hoc_extension_float32_v4,91,2,5,91281327,1248,312,89,36,0.0288461538461538,0.908653846153846,0.3047027827211468,True
post_hoc_extension_float32_v4,91,3,1,91290932,1248,312,90,32,0.0256410256410256,0.9254807692307692,0.3168744341764131,True
post_hoc_extension_float32_v4,91,3,2,91291033,1248,312,87,33,0.0264423076923076,0.9134615384615384,0.3003354623998271,True
post_hoc_extension_float32_v4,91,3,3,91291134,1248,312,90,36,0.0288461538461538,0.9118589743589745,0.3007955430630992,True
post_hoc_extension_float32_v4,91,3,4,91291235,1248,312,85,33,0.0264423076923076,0.907852564102564,0.3942790732681053,True
post_hoc_extension_float32_v4,91,3,5,91291336,1248,312,92,36,0.0288461538461538,0.9094551282051282,0.3783720635810203,True
post_hoc_extension_float32_v4,91,4,1,91300941,1248,312,85,27,0.0216346153846153,0.905448717948718,0.3492275040074354,True
post_hoc_extension_float32_v4,91,4,2,91301042,1248,312,93,33,0.0264423076923076,0.9150641025641024,0.281811716565697,True
post_hoc_extension_float32_v4,91,4,3,91301143,1248,312,85,29,0.0232371794871794,0.9230769230769232,0.3485072975014305,True
post_hoc_extension_float32_v4,91,4,4,91301244,1248,312,89,33,0.0264423076923076,0.9174679487179488,0.3131875715002016,True
post_hoc_extension_float32_v4,91,4,5,91301345,1248,312,90,38,0.0304487179487179,0.9134615384615384,0.3452077298587121,True
post_hoc_extension_float32_v4,91,5,1,91310950,1248,312,94,38,0.0304487179487179,0.8998397435897436,0.2964777375752218,True
post_hoc_extension_float32_v4,91,5,2,91311051,1248,312,88,29,0.0232371794871794,0.9246794871794872,0.3720678374563524,True
post_hoc_extension_float32_v4,91,5,3,91311152,1248,312,90,31,0.0248397435897435,0.903846153846154,0.310388477900419,True
post_hoc_extension_float32_v4,91,5,4,91311253,1248,312,85,34,0.0272435897435897,0.9182692307692308,0.3054555521608586,True
post_hoc_extension_float32_v4,91,5,5,91311354,1248,312,90,38,0.0304487179487179,0.907852564102564,0.3462537742276418,True
post_hoc_extension_float32_v4,92,1,1,92270917,1248,312,88,32,0.0256410256410256,0.9222756410256412,0.3467877939509328,True
post_hoc_extension_float32_v4,92,1,2,92271018,1248,312,89,29,0.0232371794871794,0.9222756410256412,0.3309438207874787,True
post_hoc_extension_float32_v4,92,1,3,92271119,1248,312,87,31,0.0248397435897435,0.9110576923076924,0.3783417643531301,True
post_hoc_extension_float32_v4,92,1,4,92271220,1248,312,95,40,0.032051282051282,0.903846153846154,0.3874694696013481,True
post_hoc_extension_float32_v4,92,1,5,92271321,1248,312,87,30,0.0240384615384615,0.9174679487179488,0.290543493884772,True
post_hoc_extension_float32_v4,92,2,1,92280926,1248,312,87,27,0.0216346153846153,0.9102564102564102,0.3390086954127554,True
post_hoc_extension_float32_v4,92,2,2,92281027,1248,312,93,36,0.0288461538461538,0.8910256410256411,0.3342926491586261,True
post_hoc_extension_float32_v4,92,2,3,92281128,1248,312,87,31,0.0248397435897435,0.9006410256410257,0.3616603084362939,True
post_hoc_extension_float32_v4,92,2,4,92281229,1248,312,91,39,0.03125,0.9126602564102564,0.3852805036860131,True
post_hoc_extension_float32_v4,92,2,5,92281330,1248,312,89,36,0.0288461538461538,0.9134615384615384,0.278529294806858,True
post_hoc_extension_float32_v4,92,3,1,92290935,1248,312,90,32,0.0256410256410256,0.9006410256410257,0.3762168172868673,True
post_hoc_extension_float32_v4,92,3,2,92291036,1248,312,87,33,0.0264423076923076,0.904647435897436,0.3138770204997519,True
post_hoc_extension_float32_v4,92,3,3,92291137,1248,312,90,36,0.0288461538461538,0.9110576923076924,0.2759988387838379,True
post_hoc_extension_float32_v4,92,3,4,92291238,1248,312,85,33,0.0264423076923076,0.9198717948717948,0.3074315401140013,True
post_hoc_extension_float32_v4,92,3,5,92291339,1248,312,92,36,0.0288461538461538,0.9166666666666666,0.3159765935385249,True
post_hoc_extension_float32_v4,92,4,1,92300944,1248,312,85,27,0.0216346153846153,0.9134615384615384,0.3254502348398574,True
post_hoc_extension_float32_v4,92,4,2,92301045,1248,312,93,33,0.0264423076923076,0.9022435897435898,0.2733150865963521,True
post_hoc_extension_float32_v4,92,4,3,92301146,1248,312,85,29,0.0232371794871794,0.9198717948717948,0.3472298154332046,True
post_hoc_extension_float32_v4,92,4,4,92301247,1248,312,89,33,0.0264423076923076,0.9150641025641024,0.3529995331824247,True
post_hoc_extension_float32_v4,92,4,5,92301348,1248,312,90,38,0.0304487179487179,0.9158653846153846,0.3300432058701542,True
post_hoc_extension_float32_v4,92,5,1,92310953,1248,312,94,38,0.0304487179487179,0.9022435897435898,0.3067411978493628,True
post_hoc_extension_float32_v4,92,5,2,92311054,1248,312,88,29,0.0232371794871794,0.908653846153846,0.3642949651646708,True
post_hoc_extension_float32_v4,92,5,3,92311155,1248,312,90,31,0.0248397435897435,0.9262820512820512,0.3251708476296178,True
post_hoc_extension_float32_v4,92,5,4,92311256,1248,312,85,34,0.0272435897435897,0.9158653846153846,0.2905734133370252,True
post_hoc_extension_float32_v4,92,5,5,92311357,1248,312,90,38,0.0304487179487179,0.9182692307692308,0.3268416571482432,True
post_hoc_extension_float32_v4,93,1,1,93270920,1248,312,88,32,0.0256410256410256,0.908653846153846,0.2871864977775578,True
post_hoc_extension_float32_v4,93,1,2,93271021,1248,312,89,29,0.0232371794871794,0.9222756410256412,0.3112296959886017,True
post_hoc_extension_float32_v4,93,1,3,93271122,1248,312,87,31,0.0248397435897435,0.9182692307692308,0.3095523940745813,True
post_hoc_extension_float32_v4,93,1,4,93271223,1248,312,95,40,0.032051282051282,0.9102564102564102,0.3335035270976235,True
post_hoc_extension_float32_v4,93,1,5,93271324,1248,312,87,30,0.0240384615384615,0.9110576923076924,0.3337483966630318,True
post_hoc_extension_float32_v4,93,2,1,93280929,1248,312,87,27,0.0216346153846153,0.9150641025641024,0.3573615397008878,True
post_hoc_extension_float32_v4,93,2,2,93281030,1248,312,93,36,0.0288461538461538,0.904647435897436,0.3159658285513467,True
post_hoc_extension_float32_v4,93,2,3,93281131,1248,312,87,31,0.0248397435897435,0.9022435897435898,0.3827247427020706,True
post_hoc_extension_float32_v4,93,2,4,93281232,1248,312,91,39,0.03125,0.908653846153846,0.3245113486220628,True
post_hoc_extension_float32_v4,93,2,5,93281333,1248,312,89,36,0.0288461538461538,0.9230769230769232,0.2684882254984932,True
post_hoc_extension_float32_v4,93,3,1,93290938,1248,312,90,32,0.0256410256410256,0.9150641025641024,0.3216340477292922,True
post_hoc_extension_float32_v4,93,3,2,93291039,1248,312,87,33,0.0264423076923076,0.908653846153846,0.3400236979465655,True
post_hoc_extension_float32_v4,93,3,3,93291140,1248,312,90,36,0.0288461538461538,0.9134615384615384,0.2723456722946366,True
post_hoc_extension_float32_v4,93,3,4,93291241,1248,312,85,33,0.0264423076923076,0.9126602564102564,0.3287280916810957,True
post_hoc_extension_float32_v4,93,3,5,93291342,1248,312,92,36,0.0288461538461538,0.907852564102564,0.3415586293935039,True
post_hoc_extension_float32_v4,93,4,1,93300947,1248,312,85,27,0.0216346153846153,0.9222756410256412,0.3598879843324334,True
post_hoc_extension_float32_v4,93,4,2,93301048,1248,312,93,33,0.0264423076923076,0.903846153846154,0.3399808166188832,True
post_hoc_extension_float32_v4,93,4,3,93301149,1248,312,85,29,0.0232371794871794,0.9158653846153846,0.336810663461909,True
post_hoc_extension_float32_v4,93,4,4,93301250,1248,312,89,33,0.0264423076923076,0.9222756410256412,0.2874224035437738,True
post_hoc_extension_float32_v4,93,4,5,93301351,1248,312,90,38,0.0304487179487179,0.9222756410256412,0.2931466004535904,True
post_hoc_extension_float32_v4,93,5,1,93310956,1248,312,94,38,0.0304487179487179,0.8966346153846154,0.3186218098722287,True
post_hoc_extension_float32_v4,93,5,2,93311057,1248,312,88,29,0.0232371794871794,0.9238782051282052,0.336816533083952,True
post_hoc_extension_float32_v4,93,5,3,93311158,1248,312,90,31,0.0248397435897435,0.9198717948717948,0.2615045273989763,True
post_hoc_extension_float32_v4,93,5,4,93311259,1248,312,85,34,0.0272435897435897,0.9182692307692308,0.2756222584999453,True
post_hoc_extension_float32_v4,93,5,5,93311360,1248,312,90,38,0.0304487179487179,0.9182692307692308,0.3126018133981955,True
post_hoc_extension_float32_v4,94,1,1,94270923,1248,312,88,32,0.0256410256410256,0.9134615384615384,0.2583559532025191,True
post_hoc_extension_float32_v4,94,1,2,94271024,1248,312,89,29,0.0232371794871794,0.9166666666666666,0.2720532406530462,True
post_hoc_extension_float32_v4,94,1,3,94271125,1248,312,87,31,0.0248397435897435,0.9118589743589745,0.4061716712061701,True
post_hoc_extension_float32_v4,94,1,4,94271226,1248,312,95,40,0.032051282051282,0.9166666666666666,0.3457737990497072,True
post_hoc_extension_float32_v4,94,1,5,94271327,1248,312,87,30,0.0240384615384615,0.9134615384615384,0.3410935241047615,True
post_hoc_extension_float32_v4,94,2,1,94280932,1248,312,87,27,0.0216346153846153,0.9150641025641024,0.3602504953267671,True
post_hoc_extension_float32_v4,94,2,2,94281033,1248,312,93,36,0.0288461538461538,0.904647435897436,0.3925983595380932,True
post_hoc_extension_float32_v4,94,2,3,94281134,1248,312,87,31,0.0248397435897435,0.9166666666666666,0.306308505241648,True
post_hoc_extension_float32_v4,94,2,4,94281235,1248,312,91,39,0.03125,0.908653846153846,0.3224992584593613,True
post_hoc_extension_float32_v4,94,2,5,94281336,1248,312,89,36,0.0288461538461538,0.9174679487179488,0.2940053872819691,True
post_hoc_extension_float32_v4,94,3,1,94290941,1248,312,90,32,0.0256410256410256,0.907852564102564,0.3337227151865752,True
post_hoc_extension_float32_v4,94,3,2,94291042,1248,312,87,33,0.0264423076923076,0.9182692307692308,0.3465413388048947,True
post_hoc_extension_float32_v4,94,3,3,94291143,1248,312,90,36,0.0288461538461538,0.9134615384615384,0.3010069841635716,True
post_hoc_extension_float32_v4,94,3,4,94291244,1248,312,85,33,0.0264423076923076,0.9150641025641024,0.3317440558539545,True
post_hoc_extension_float32_v4,94,3,5,94291345,1248,312,92,36,0.0288461538461538,0.9126602564102564,0.3477369530239036,True
post_hoc_extension_float32_v4,94,4,1,94300950,1248,312,85,27,0.0216346153846153,0.9238782051282052,0.3461871402985419,True
post_hoc_extension_float32_v4,94,4,2,94301051,1248,312,93,33,0.0264423076923076,0.9030448717948718,0.3444140369998891,True
post_hoc_extension_float32_v4,94,4,3,94301152,1248,312,85,29,0.0232371794871794,0.90625,0.3847364103188517,True
post_hoc_extension_float32_v4,94,4,4,94301253,1248,312,89,33,0.0264423076923076,0.9094551282051282,0.3114097813091357,True
post_hoc_extension_float32_v4,94,4,5,94301354,1248,312,90,38,0.0304487179487179,0.9118589743589745,0.3225155836049693,True
post_hoc_extension_float32_v4,94,5,1,94310959,1248,312,94,38,0.0304487179487179,0.90625,0.3089088219234354,True
post_hoc_extension_float32_v4,94,5,2,94311060,1248,312,88,29,0.0232371794871794,0.9126602564102564,0.3618943310516712,True
post_hoc_extension_float32_v4,94,5,3,94311161,1248,312,90,31,0.0248397435897435,0.9230769230769232,0.3063343491909835,True
post_hoc_extension_float32_v4,94,5,4,94311262,1248,312,85,34,0.0272435897435897,0.9182692307692308,0.3191171072876262,True
post_hoc_extension_float32_v4,94,5,5,94311363,1248,312,90,38,0.0304487179487179,0.9014423076923076,0.3219491060070978,True
post_hoc_extension_float32_v4,95,1,1,95270926,1248,312,88,32,0.0256410256410256,0.9142628205128204,0.3090849420651324,True
post_hoc_extension_float32_v4,95,1,2,95271027,1248,312,89,29,0.0232371794871794,0.90625,0.3106078867312667,True
post_hoc_extension_float32_v4,95,1,3,95271128,1248,312,87,31,0.0248397435897435,0.908653846153846,0.3699527178368381,True
post_hoc_extension_float32_v4,95,1,4,95271229,1248,312,95,40,0.032051282051282,0.9126602564102564,0.3728792269486937,True
post_hoc_extension_float32_v4,95,1,5,95271330,1248,312,87,30,0.0240384615384615,0.9110576923076924,0.2699010302253329,True
post_hoc_extension_float32_v4,95,2,1,95280935,1248,312,87,27,0.0216346153846153,0.9094551282051282,0.368445438331309,True
post_hoc_extension_float32_v4,95,2,2,95281036,1248,312,93,36,0.0288461538461538,0.9134615384615384,0.2853361265384461,True
post_hoc_extension_float32_v4,95,2,3,95281137,1248,312,87,31,0.0248397435897435,0.9222756410256412,0.3209612859703441,True
post_hoc_extension_float32_v4,95,2,4,95281238,1248,312,91,39,0.03125,0.9022435897435898,0.3344263694527563,True
post_hoc_extension_float32_v4,95,2,5,95281339,1248,312,89,36,0.0288461538461538,0.907051282051282,0.2874416168853381,True
post_hoc_extension_float32_v4,95,3,1,95290944,1248,312,90,32,0.0256410256410256,0.9150641025641024,0.3415500846962274,True
post_hoc_extension_float32_v4,95,3,2,95291045,1248,312,87,33,0.0264423076923076,0.9142628205128204,0.3193443831488909,True
post_hoc_extension_float32_v4,95,3,3,95291146,1248,312,90,36,0.0288461538461538,0.9094551282051282,0.2627015403408514,True
post_hoc_extension_float32_v4,95,3,4,95291247,1248,312,85,33,0.0264423076923076,0.9150641025641024,0.3394124250176193,True
post_hoc_extension_float32_v4,95,3,5,95291348,1248,312,92,36,0.0288461538461538,0.9150641025641024,0.3275359675767778,True
post_hoc_extension_float32_v4,95,4,1,95300953,1248,312,85,27,0.0216346153846153,0.9174679487179488,0.3676905089594354,True
post_hoc_extension_float32_v4,95,4,2,95301054,1248,312,93,33,0.0264423076923076,0.905448717948718,0.2692750552711782,True
post_hoc_extension_float32_v4,95,4,3,95301155,1248,312,85,29,0.0232371794871794,0.9118589743589745,0.3359019602572385,True
post_hoc_extension_float32_v4,95,4,4,95301256,1248,312,89,33,0.0264423076923076,0.907051282051282,0.3362964734452658,True
post_hoc_extension_float32_v4,95,4,5,95301357,1248,312,90,38,0.0304487179487179,0.9182692307692308,0.3329552602458246,True
post_hoc_extension_float32_v4,95,5,1,95310962,1248,312,94,38,0.0304487179487179,0.8998397435897436,0.3185904201974521,True
post_hoc_extension_float32_v4,95,5,2,95311063,1248,312,88,29,0.0232371794871794,0.9230769230769232,0.3463737352074904,True
post_hoc_extension_float32_v4,95,5,3,95311164,1248,312,90,31,0.0248397435897435,0.9230769230769232,0.2846294351737592,True
post_hoc_extension_float32_v4,95,5,4,95311265,1248,312,85,34,0.0272435897435897,0.90625,0.337429563654161,True
post_hoc_extension_float32_v4,95,5,5,95311366,1248,312,90,38,0.0304487179487179,0.907852564102564,0.340146226369113,True
post_hoc_extension_float32_v4,96,1,1,96270929,1248,312,88,32,0.0256410256410256,0.9110576923076924,0.3110923013015163,True
post_hoc_extension_float32_v4,96,1,2,96271030,1248,312,89,29,0.0232371794871794,0.9166666666666666,0.33233664044275,True
post_hoc_extension_float32_v4,96,1,3,96271131,1248,312,87,31,0.0248397435897435,0.9198717948717948,0.3418516499664539,True
post_hoc_extension_float32_v4,96,1,4,96271232,1248,312,95,40,0.032051282051282,0.9022435897435898,0.3464557564427496,True
post_hoc_extension_float32_v4,96,1,5,96271333,1248,312,87,30,0.0240384615384615,0.9126602564102564,0.2991784600863926,True
post_hoc_extension_float32_v4,96,2,1,96280938,1248,312,87,27,0.0216346153846153,0.9230769230769232,0.3540629757296152,True
post_hoc_extension_float32_v4,96,2,2,96281039,1248,312,93,36,0.0288461538461538,0.903846153846154,0.3209108451282051,True
post_hoc_extension_float32_v4,96,2,3,96281140,1248,312,87,31,0.0248397435897435,0.9134615384615384,0.3666964768041982,True
post_hoc_extension_float32_v4,96,2,4,96281241,1248,312,91,39,0.03125,0.8982371794871795,0.3342358423695101,True
post_hoc_extension_float32_v4,96,2,5,96281342,1248,312,89,36,0.0288461538461538,0.9182692307692308,0.2808709698347753,True
post_hoc_extension_float32_v4,96,3,1,96290947,1248,312,90,32,0.0256410256410256,0.9206730769230768,0.3180628025852919,True
post_hoc_extension_float32_v4,96,3,2,96291048,1248,312,87,33,0.0264423076923076,0.90625,0.3399987425151141,True
post_hoc_extension_float32_v4,96,3,3,96291149,1248,312,90,36,0.0288461538461538,0.9126602564102564,0.2587143045618213,True
post_hoc_extension_float32_v4,96,3,4,96291250,1248,312,85,33,0.0264423076923076,0.9198717948717948,0.3496589592398426,True
post_hoc_extension_float32_v4,96,3,5,96291351,1248,312,92,36,0.0288461538461538,0.9190705128205128,0.3631419177617684,True
post_hoc_extension_float32_v4,96,4,1,96300956,1248,312,85,27,0.0216346153846153,0.9102564102564102,0.3812256039636655,True
post_hoc_extension_float32_v4,96,4,2,96301057,1248,312,93,33,0.0264423076923076,0.8998397435897436,0.3405839386597561,True
post_hoc_extension_float32_v4,96,4,3,96301158,1248,312,85,29,0.0232371794871794,0.9190705128205128,0.3526690028319814,True
post_hoc_extension_float32_v4,96,4,4,96301259,1248,312,89,33,0.0264423076923076,0.9126602564102564,0.2886668520190798,True
post_hoc_extension_float32_v4,96,4,5,96301360,1248,312,90,38,0.0304487179487179,0.9246794871794872,0.3018352298935304,True
post_hoc_extension_float32_v4,96,5,1,96310965,1248,312,94,38,0.0304487179487179,0.9094551282051282,0.3134856415197321,True
post_hoc_extension_float32_v4,96,5,2,96311066,1248,312,88,29,0.0232371794871794,0.903846153846154,0.3261679966558586,True
post_hoc_extension_float32_v4,96,5,3,96311167,1248,312,90,31,0.0248397435897435,0.9262820512820512,0.2853002366627867,True
post_hoc_extension_float32_v4,96,5,4,96311268,1248,312,85,34,0.0272435897435897,0.9166666666666666,0.3667600130353873,True
post_hoc_extension_float32_v4,96,5,5,96311369,1248,312,90,38,0.0304487179487179,0.9126602564102564,0.3598407761115282,True
post_hoc_extension_float32_v4,97,1,1,97270932,1248,312,88,32,0.0256410256410256,0.8974358974358975,0.341430333158876,True
post_hoc_extension_float32_v4,97,1,2,97271033,1248,312,89,29,0.0232371794871794,0.9198717948717948,0.3391754785450742,True
post_hoc_extension_float32_v4,97,1,3,97271134,1248,312,87,31,0.0248397435897435,0.9126602564102564,0.3514122828544792,True
post_hoc_extension_float32_v4,97,1,4,97271235,1248,312,95,40,0.032051282051282,0.908653846153846,0.3279068008933232,True
post_hoc_extension_float32_v4,97,1,5,97271336,1248,312,87,30,0.0240384615384615,0.9134615384615384,0.2806125393894615,True
post_hoc_extension_float32_v4,97,2,1,97280941,1248,312,87,27,0.0216346153846153,0.9190705128205128,0.3440885414355883,True
post_hoc_extension_float32_v4,97,2,2,97281042,1248,312,93,36,0.0288461538461538,0.8950320512820513,0.3624903337295291,True
post_hoc_extension_float32_v4,97,2,3,97281143,1248,312,87,31,0.0248397435897435,0.9030448717948718,0.3720282615660065,True
post_hoc_extension_float32_v4,97,2,4,97281244,1248,312,91,39,0.03125,0.90625,0.3601359691287341,True
post_hoc_extension_float32_v4,97,2,5,97281345,1248,312,89,36,0.0288461538461538,0.9222756410256412,0.2838293082982875,True
post_hoc_extension_float32_v4,97,3,1,97290950,1248,312,90,32,0.0256410256410256,0.9150641025641024,0.361971885095274,True
post_hoc_extension_float32_v4,97,3,2,97291051,1248,312,87,33,0.0264423076923076,0.9126602564102564,0.3183036359517419,True
post_hoc_extension_float32_v4,97,3,3,97291152,1248,312,90,36,0.0288461538461538,0.9102564102564102,0.3204621272634284,True
post_hoc_extension_float32_v4,97,3,4,97291253,1248,312,85,33,0.0264423076923076,0.9102564102564102,0.3570164989869256,True
post_hoc_extension_float32_v4,97,3,5,97291354,1248,312,92,36,0.0288461538461538,0.9118589743589745,0.3546650686810942,True
post_hoc_extension_float32_v4,97,4,1,97300959,1248,312,85,27,0.0216346153846153,0.9102564102564102,0.34650900654612,True
post_hoc_extension_float32_v4,97,4,2,97301060,1248,312,93,33,0.0264423076923076,0.9126602564102564,0.3290988369849706,True
post_hoc_extension_float32_v4,97,4,3,97301161,1248,312,85,29,0.0232371794871794,0.9294871794871796,0.3015979735540198,True
post_hoc_extension_float32_v4,97,4,4,97301262,1248,312,89,33,0.0264423076923076,0.9174679487179488,0.3035067567881715,True
post_hoc_extension_float32_v4,97,4,5,97301363,1248,312,90,38,0.0304487179487179,0.9158653846153846,0.3713966827095554,True
post_hoc_extension_float32_v4,97,5,1,97310968,1248,312,94,38,0.0304487179487179,0.904647435897436,0.3308753120985484,True
post_hoc_extension_float32_v4,97,5,2,97311069,1248,312,88,29,0.0232371794871794,0.9166666666666666,0.3127818546104335,True
post_hoc_extension_float32_v4,97,5,3,97311170,1248,312,90,31,0.0248397435897435,0.9238782051282052,0.3536957236035944,True
post_hoc_extension_float32_v4,97,5,4,97311271,1248,312,85,34,0.0272435897435897,0.9142628205128204,0.3073011159196903,True
post_hoc_extension_float32_v4,97,5,5,97311372,1248,312,90,38,0.0304487179487179,0.9142628205128204,0.3581354622733143,True
post_hoc_extension_float32_v4,98,1,1,98270935,1248,312,88,32,0.0256410256410256,0.9190705128205128,0.285072555287804,True
post_hoc_extension_float32_v4,98,1,2,98271036,1248,312,89,29,0.0232371794871794,0.9238782051282052,0.3190785964543474,True
post_hoc_extension_float32_v4,98,1,3,98271137,1248,312,87,31,0.0248397435897435,0.9222756410256412,0.3429980199916096,True
post_hoc_extension_float32_v4,98,1,4,98271238,1248,312,95,40,0.032051282051282,0.9134615384615384,0.3317044860138111,True
post_hoc_extension_float32_v4,98,1,5,98271339,1248,312,87,30,0.0240384615384615,0.9166666666666666,0.3187225683928727,True
post_hoc_extension_float32_v4,98,2,1,98280944,1248,312,87,27,0.0216346153846153,0.908653846153846,0.3637154891594895,True
post_hoc_extension_float32_v4,98,2,2,98281045,1248,312,93,36,0.0288461538461538,0.8998397435897436,0.3294652040645273,True
post_hoc_extension_float32_v4,98,2,3,98281146,1248,312,87,31,0.0248397435897435,0.9222756410256412,0.3354428756974723,True
post_hoc_extension_float32_v4,98,2,4,98281247,1248,312,91,39,0.03125,0.8958333333333334,0.3418121703620924,True
post_hoc_extension_float32_v4,98,2,5,98281348,1248,312,89,36,0.0288461538461538,0.9206730769230768,0.2748068881703948,True
post_hoc_extension_float32_v4,98,3,1,98290953,1248,312,90,32,0.0256410256410256,0.905448717948718,0.3661986133830293,True
post_hoc_extension_float32_v4,98,3,2,98291054,1248,312,87,33,0.0264423076923076,0.9166666666666666,0.2926923152333828,True
post_hoc_extension_float32_v4,98,3,3,98291155,1248,312,90,36,0.0288461538461538,0.9094551282051282,0.2748569588997208,True
post_hoc_extension_float32_v4,98,3,4,98291256,1248,312,85,33,0.0264423076923076,0.9102564102564102,0.3144456786058679,True
post_hoc_extension_float32_v4,98,3,5,98291357,1248,312,92,36,0.0288461538461538,0.907852564102564,0.3190637597212113,True
post_hoc_extension_float32_v4,98,4,1,98300962,1248,312,85,27,0.0216346153846153,0.9094551282051282,0.3731374116125489,True
post_hoc_extension_float32_v4,98,4,2,98301063,1248,312,93,33,0.0264423076923076,0.9094551282051282,0.2373147226916357,True
post_hoc_extension_float32_v4,98,4,3,98301164,1248,312,85,29,0.0232371794871794,0.9166666666666666,0.2817602124398681,True
post_hoc_extension_float32_v4,98,4,4,98301265,1248,312,89,33,0.0264423076923076,0.907051282051282,0.3087134279084199,True
post_hoc_extension_float32_v4,98,4,5,98301366,1248,312,90,38,0.0304487179487179,0.9230769230769232,0.3162985660774683,True
post_hoc_extension_float32_v4,98,5,1,98310971,1248,312,94,38,0.0304487179487179,0.903846153846154,0.2996467941216405,True
post_hoc_extension_float32_v4,98,5,2,98311072,1248,312,88,29,0.0232371794871794,0.90625,0.3234092384061502,True
post_hoc_extension_float32_v4,98,5,3,98311173,1248,312,90,31,0.0248397435897435,0.9142628205128204,0.3423612655166062,True
post_hoc_extension_float32_v4,98,5,4,98311274,1248,312,85,34,0.0272435897435897,0.9174679487179488,0.3261576856229644,True
post_hoc_extension_float32_v4,98,5,5,98311375,1248,312,90,38,0.0304487179487179,0.9094551282051282,0.3612656893477844,True
post_hoc_extension_float32_v4,99,1,1,99270938,1248,312,88,32,0.0256410256410256,0.9110576923076924,0.2807240954322813,True
post_hoc_extension_float32_v4,99,1,2,99271039,1248,312,89,29,0.0232371794871794,0.9142628205128204,0.2774706520756183,True
post_hoc_extension_float32_v4,99,1,3,99271140,1248,312,87,31,0.0248397435897435,0.9150641025641024,0.3295510536669228,True
post_hoc_extension_float32_v4,99,1,4,99271241,1248,312,95,40,0.032051282051282,0.9182692307692308,0.3216800124535416,True
post_hoc_extension_float32_v4,99,1,5,99271342,1248,312,87,30,0.0240384615384615,0.9142628205128204,0.3063383830178177,True
post_hoc_extension_float32_v4,99,2,1,99280947,1248,312,87,27,0.0216346153846153,0.9166666666666666,0.3347692901636939,True
post_hoc_extension_float32_v4,99,2,2,99281048,1248,312,93,36,0.0288461538461538,0.8966346153846154,0.3225700682873718,True
post_hoc_extension_float32_v4,99,2,3,99281149,1248,312,87,31,0.0248397435897435,0.908653846153846,0.3295891158492506,True
post_hoc_extension_float32_v4,99,2,4,99281250,1248,312,91,39,0.03125,0.9094551282051282,0.3173555701896483,True
post_hoc_extension_float32_v4,99,2,5,99281351,1248,312,89,36,0.0288461538461538,0.9222756410256412,0.2808205468870009,True
post_hoc_extension_float32_v4,99,3,1,99290956,1248,312,90,32,0.0256410256410256,0.903846153846154,0.3860103424420511,True
post_hoc_extension_float32_v4,99,3,2,99291057,1248,312,87,33,0.0264423076923076,0.9102564102564102,0.2870359236482246,True
post_hoc_extension_float32_v4,99,3,3,99291158,1248,312,90,36,0.0288461538461538,0.9150641025641024,0.2471790188868823,True
post_hoc_extension_float32_v4,99,3,4,99291259,1248,312,85,33,0.0264423076923076,0.9158653846153846,0.3451423395732197,True
post_hoc_extension_float32_v4,99,3,5,99291360,1248,312,92,36,0.0288461538461538,0.908653846153846,0.3182079419718401,True
post_hoc_extension_float32_v4,99,4,1,99300965,1248,312,85,27,0.0216346153846153,0.9174679487179488,0.3360587221520353,True
post_hoc_extension_float32_v4,99,4,2,99301066,1248,312,93,33,0.0264423076923076,0.903846153846154,0.3259560551113796,True
post_hoc_extension_float32_v4,99,4,3,99301167,1248,312,85,29,0.0232371794871794,0.903846153846154,0.341922243163424,True
post_hoc_extension_float32_v4,99,4,4,99301268,1248,312,89,33,0.0264423076923076,0.9094551282051282,0.3447871475484811,True
post_hoc_extension_float32_v4,99,4,5,99301369,1248,312,90,38,0.0304487179487179,0.8934294871794872,0.3524053006416931,True
post_hoc_extension_float32_v4,99,5,1,99310974,1248,312,94,38,0.0304487179487179,0.9022435897435898,0.3354450026349888,True
post_hoc_extension_float32_v4,99,5,2,99311075,1248,312,88,29,0.0232371794871794,0.9190705128205128,0.391331837682944,True
post_hoc_extension_float32_v4,99,5,3,99311176,1248,312,90,31,0.0248397435897435,0.903846153846154,0.3291977534219238,True
post_hoc_extension_float32_v4,99,5,4,99311277,1248,312,85,34,0.0272435897435897,0.9030448717948718,0.3436006738723588,True
post_hoc_extension_float32_v4,99,5,5,99311378,1248,312,90,38,0.0304487179487179,0.9142628205128204,0.2850017576177538,True
post_hoc_extension_float32_v4,100,1,1,100270941,1248,312,88,32,0.0256410256410256,0.90625,0.2936115759548636,True
post_hoc_extension_float32_v4,100,1,2,100271042,1248,312,89,29,0.0232371794871794,0.9214743589743588,0.2617216802888061,True
post_hoc_extension_float32_v4,100,1,3,100271143,1248,312,87,31,0.0248397435897435,0.9094551282051282,0.3889396005853325,True
post_hoc_extension_float32_v4,100,1,4,100271244,1248,312,95,40,0.032051282051282,0.8990384615384616,0.371291724689225,True
post_hoc_extension_float32_v4,100,1,5,100271345,1248,312,87,30,0.0240384615384615,0.9094551282051282,0.3467093396406201,True
post_hoc_extension_float32_v4,100,2,1,100280950,1248,312,87,27,0.0216346153846153,0.9150641025641024,0.3907209272799155,True
post_hoc_extension_float32_v4,100,2,2,100281051,1248,312,93,36,0.0288461538461538,0.905448717948718,0.285714828593184,True
post_hoc_extension_float32_v4,100,2,3,100281152,1248,312,87,31,0.0248397435897435,0.9150641025641024,0.3423346359952752,True
post_hoc_extension_float32_v4,100,2,4,100281253,1248,312,91,39,0.03125,0.9118589743589745,0.326623170903607,True
post_hoc_extension_float32_v4,100,2,5,100281354,1248,312,89,36,0.0288461538461538,0.9254807692307692,0.2603713098370388,True
post_hoc_extension_float32_v4,100,3,1,100290959,1248,312,90,32,0.0256410256410256,0.9142628205128204,0.3253311649145407,True
post_hoc_extension_float32_v4,100,3,2,100291060,1248,312,87,33,0.0264423076923076,0.9110576923076924,0.3125121577897919,True
post_hoc_extension_float32_v4,100,3,3,100291161,1248,312,90,36,0.0288461538461538,0.9142628205128204,0.3140526554857257,True
post_hoc_extension_float32_v4,100,3,4,100291262,1248,312,85,33,0.0264423076923076,0.9118589743589745,0.3634694553635854,True
post_hoc_extension_float32_v4,100,3,5,100291363,1248,312,92,36,0.0288461538461538,0.908653846153846,0.3203250519727978,True
post_hoc_extension_float32_v4,100,4,1,100300968,1248,312,85,27,0.0216346153846153,0.908653846153846,0.3480515595265862,True
post_hoc_extension_float32_v4,100,4,2,100301069,1248,312,93,33,0.0264423076923076,0.9166666666666666,0.240305346497186,True
post_hoc_extension_float32_v4,100,4,3,100301170,1248,312,85,29,0.0232371794871794,0.9014423076923076,0.373299383040825,True
post_hoc_extension_float32_v4,100,4,4,100301271,1248,312,89,33,0.0264423076923076,0.905448717948718,0.3297729124243156,True
post_hoc_extension_float32_v4,100,4,5,100301372,1248,312,90,38,0.0304487179487179,0.9102564102564102,0.3031471709976136,True
post_hoc_extension_float32_v4,100,5,1,100310977,1248,312,94,38,0.0304487179487179,0.8966346153846154,0.3791563616046334,True
post_hoc_extension_float32_v4,100,5,2,100311078,1248,312,88,29,0.0232371794871794,0.9014423076923076,0.3628811408711471,True
post_hoc_extension_float32_v4,100,5,3,100311179,1248,312,90,31,0.0248397435897435,0.9134615384615384,0.3495972257430173,True
post_hoc_extension_float32_v4,100,5,4,100311280,1248,312,85,34,0.0272435897435897,0.9182692307692308,0.3117464164472726,True
post_hoc_extension_float32_v4,100,5,5,100311381,1248,312,90,38,0.0304487179487179,0.9198717948717948,0.3003907135327175,True
